routeID,city,routeName,departureStopName,destinationStopName
TPE10132,Taipei,234,板橋,西門
TPE10142,Taipei,綠1,新店,臺北市政府
TPE10181,Taipei,205,中華科技大學,東園
TPE10221,Taipei,618,新莊,士林
TPE10231,Taipei,民權幹線,南港,臺北橋
TPE10232,Taipei,紅25,南港,捷運北門站
TPE10241,Taipei,藍36,汐止社后,捷運昆陽站
TPE10251,Taipei,南京幹線,南港高工,圓環
TPE10253,Taipei,21,捷運圓山站,捷運文德站
TPE10261,Taipei,紅33,葫蘆里,聯合醫院中興院區(西寧)
TPE10262,Taipei,2,台北海大,臺大醫院
TPE10263,Taipei,536,台北海大,大同之家
TPE10272,Taipei,303,捷運劍潭站,大坪尾
TPE10273,Taipei,303區,捷運劍潭站,平等里
TPE10277,Taipei,542,捷運圓山站,捷運中山國中站
TPE10278,Taipei,669,三重,市政府
TPE10282,Taipei,663,新莊,國父紀念館
TPE10283,Taipei,235,新莊,國父紀念館
TPE10291,Taipei,棕1,松山車站,松山機場
TPE10292,Taipei,藍10,民生社區,南港花園社區
TPE10293,Taipei,民生幹線,麥帥新城,圓環
TPE10326,Taipei,648,錦繡山莊,臺北車站
TPE10328,Taipei,643,錦繡山莊,復興北村
TPE10331,Taipei,647,大崎腳,捷運市政府站
TPE10332,Taipei,松江新生幹線,青潭,復興北村
TPE10333,Taipei,644,青潭,博愛路
TPE10334,Taipei,基隆路幹線,大崎腳,捷運市政府站
TPE10414,Taipei,261,蘆洲,市政府
TPE10415,Taipei,221,蘆洲,臺北車站
TPE10416,Taipei,232,蘆洲,捷運善導寺站
TPE10417,Taipei,忠孝幹線,蘆洲,松山車站
TPE10419,Taipei,232快,蘆洲,松山車站
TPE10421,Taipei,紅9,蘆洲,捷運劍潭站
TPE10422,Taipei,617,泰山,內湖
TPE10423,Taipei,622,泰山,捷運中山站(志仁高中)
TPE10431,Taipei,紅31,捷運大湖公園站,捷運民權西路站
TPE10432,Taipei,藍26,舊宗路,捷運市政府站
TPE10441,Taipei,508,泰山公有市場,大同之家
TPE10442,Taipei,508區,蘆洲,惇敘高工
TPE10443,Taipei,225,蘆洲,民生社區
TPE10452,Taipei,641,三重客運五股站,臺北車站
TPE10461,Taipei,645,舊莊,捷運石牌站
TPE10462,Taipei,645副,中華科技大學,捷運石牌站
TPE10471,Taipei,615,丹鳳,臺北車站
TPE10472,Taipei,111,新莊,陽明山
TPE10473,Taipei,306,蘆洲,凌雲五村
TPE10481,Taipei,265經中央路,土城,行政院
TPE10482,Taipei,265區,重慶國中,行政院
TPE10502,Taipei,299區,輔仁大學,臺北車站
TPE10711,Taipei,羅斯福路幹線,捷運動物園站,臺北車站
TPE10712,Taipei,251,東南科技大學,臺北車站
TPE10721,Taipei,藍28,景明街口,東園
TPE10722,Taipei,藍29,東園,聯合醫院中興院區
TPE10723,Taipei,1,萬華,松仁路
TPE10724,Taipei,907,萬華,崇義高中
TPE10725,Taipei,568,萬華,捷運麟光站
TPE10726,Taipei,18,萬華,捷運麟光站
TPE10733,Taipei,棕2,景美女中,萬芳社區
TPE10734,Taipei,景美-榮總(快),景美女中,榮總
TPE10735,Taipei,253,景美女中,臺北車站
TPE10736,Taipei,671,景美女中,臺北車站
TPE10741,Taipei,棕3,捷運動物園,萬芳社區
TPE10742,Taipei,棕6,捷運動物園站,捷運市政府站
TPE10743,Taipei,棕11,捷運動物園站,捷運公館站
TPE10744,Taipei,棕15,捷運動物園站,貓空纜車站
TPE10745,Taipei,237,捷運動物園站,捷運東門站
TPE10746,Taipei,252,石壁坑,臺北車站
TPE10747,Taipei,294,捷運動物園站,仁愛國中
TPE10748,Taipei,295,捷運動物園站,臺北車站
TPE10749,Taipei,棕11副,捷運動物園站,福興路
TPE10751,Taipei,棕12,景美,客家文化主題公園
TPE10752,Taipei,278,捷運景美站,捷運內湖站
TPE10754,Taipei,915,景美,捷運市政府站
TPE10763,Taipei,903,東湖,忠孝東路
TPE10764,Taipei,531,紫雲里,松山車站
TPE10765,Taipei,646,東湖,捷運劍潭站
TPE10767,Taipei,53,瓏山林社區,西松國中
TPE10771,Taipei,670,華夏科技大學,臺北車站
TPE10782,Taipei,673,大鵬新村,東園
TPE10783,Taipei,254,大鵬新城,民生社區
TPE10785,Taipei,672,大鵬新城,民生社區
TPE10791,Taipei,市民小巴5,興得閱覽室,捷運景美站
TPE10792,Taipei,52,景德站,聯合醫院中興院區(塔城)
TPE10811,Taipei,685,麟光新村,天母
TPE10821,Taipei,紅5,捷運劍潭站,陽明山
TPE10822,Taipei,108,陽明山公車總站,陽明山公車總站
TPE10823,Taipei,260,陽明山,東園
TPE10824,Taipei,260區,陽明山,臺北車站
TPE10831,Taipei,藍5,吳興街,捷運市政府站
TPE10832,Taipei,22,吳興街,衡陽路
TPE10841,Taipei,0東,內湖,臺北車站
TPE10842,Taipei,222,內湖,衡陽路
TPE10844,Taipei,652,新莊高中,內湖
TPE10845,Taipei,286,福德街,國防醫學中心
TPE10846,Taipei,286副,福德街,行天宮
TPE10847,Taipei,63,內湖舊宗路,臺北車站
TPE10848,Taipei,505,撫遠街,景美
TPE10851,Taipei,內湖幹線,東湖,衡陽路
TPE10853,Taipei,287區,東湖,臺北橋
TPE10856,Taipei,281,東湖,市政府
TPE10861,Taipei,630,東園,東湖
TPE10862,Taipei,38,環南市場,大安國宅
TPE10863,Taipei,38區,寶興街,捷運龍山寺站
TPE10864,Taipei,12,東園,民生社區
TPE10872,Taipei,46,松德站,圓環
TPE10873,Taipei,20,永春高中,青年公園
TPE10874,Taipei,277,松德站,榮總站
TPE10882,Taipei,9,社子國小,萬華
TPE10883,Taipei,市民小巴7,麟光新村,捷運市政府站
TPE10891,Taipei,14,蘆洲,臺北車站
TPE10893,Taipei,274,蘆洲,臺北車站
TPE10911,Taipei,212直,舊庄,青年公園
TPE10912,Taipei,212,舊莊,青年公園
TPE10932,Taipei,仁愛幹線,五福新村,南港花園社區
TPE10941,Taipei,藍25,中華科技大學,捷運昆陽站
TPE10942,Taipei,257,新莊聯合辦公大樓,南港花園社區
TPE10961,Taipei,262,宏國德霖科技大學,民生社區
TPE10962,Taipei,262區,中和,民生社區
TPE10971,Taipei,88,重陽路,臺北車站
TPE11011,Taipei,紅29,內湖(新湖二路),捷運民權西路站
TPE11021,Taipei,棕5,萬芳社區,指南宮
TPE11022,Taipei,綠11,萬芳社區,台電大樓
TPE11023,Taipei,298,萬芳社區,行天宮
TPE11031,Taipei,棕10,捷運大湖公園站,南京復興路口
TPE11041,Taipei,297,中和站,中山市場
TPE11051,Taipei,小1,中華科技大學,內溝
TPE11052,Taipei,小12,捷運昆陽站,貓纜動物園站
TPE11053,Taipei,小12區,捷運昆陽站,中華科技大學
TPE11055,Taipei,小2,國立台灣戲曲學院,捷運市政府站
TPE11056,Taipei,552,金龍寺,捷運市政府站
TPE11057,Taipei,小2區,國立臺灣戲曲學院,石崁
TPE11058,Taipei,小3,捷運昆陽站,翠柏新村
TPE11059,Taipei,小5,捷運昆陽站,光明寺
TPE11061,Taipei,小5區,捷運昆陽站,茶葉製造示範廠
TPE11062,Taipei,小1區,內溝,捷運昆陽站
TPE11064,Taipei,小36,捷運石牌站,六窟
TPE11066,Taipei,32,松德站,南港花園社區
TPE11071,Taipei,小10,萬芳社區,貓空
TPE11073,Taipei,小11,萬芳社區,大春山莊
TPE11091,Taipei,37,松德站,捷運台大醫院站
TPE11093,Taipei,612,松德站,大同之家
TPE11094,Taipei,612區,松德站,榮總
TPE11111,Taipei,藍27,內湖行政中心,捷運市政府站
TPE11114,Taipei,551,內湖科技園區,捷運昆陽站
TPE11121,Taipei,紅35,關渡碼頭,捷運關渡站
TPE11122,Taipei,小23,關渡碼頭,北投國小
TPE11123,Taipei,550,關渡宮,洲美運動公園
TPE11124,Taipei,223,關渡,青年公園
TPE11125,Taipei,302,關渡宮,萬華
TPE11134,Taipei,小8,捷運石牌站,竹子湖
TPE11135,Taipei,小14,北投,照明寺
TPE11136,Taipei,小21,復興站,八仙里
TPE11137,Taipei,小22,捷運北投站,泉源路
TPE11138,Taipei,小25,捷運北投站,六窟
TPE11139,Taipei,小6,北投站,清天宮
TPE11141,Taipei,216區,新北投,榮總
TPE11142,Taipei,小9 (台灣好行-北投竹子湖),北投站,竹子湖
TPE11143,Taipei,小26,北投站,頂湖
TPE11145,Taipei,小7,北投站,嶺頭
TPE11146,Taipei,市民小巴2,捷運北投站,北投溫泉博物館
TPE11151,Taipei,230,捷運北投站,陽明山
TPE11152,Taipei,承德幹線,新北投,捷運市政府站
TPE11156,Taipei,218,新北投,萬華
TPE11157,Taipei,218直,新北投,萬華
TPE11158,Taipei,218區,新北投,捷運奇岩站
TPE11161,Taipei,529,兒童新樂園,新光醫院
TPE11165,Taipei,288,兒童新樂園,吳興街
TPE11171,Taipei,265經明德路,土城,行政院
TPE11201,Taipei,紅7,捷運劍潭站,社子
TPE11202,Taipei,紅7區,社子,捷運劍潭站
TPE11203,Taipei,26,社子,行天宮
TPE11204,Taipei,68,洲美里,捷運劍潭站
TPE11206,Taipei,小15,捷運劍潭站,擎天崗
TPE11207,Taipei,小15區,捷運劍潭站,菁山遊憩園區
TPE11208,Taipei,小16,捷運劍潭站,公館里
TPE11209,Taipei,小17,捷運劍潭站,新安里
TPE11211,Taipei,小18,捷運劍潭站,聖人瀑布
TPE11212,Taipei,204,東園,麥帥新城
TPE11213,Taipei,小19,捷運劍潭站,平等里
TPE11214,Taipei,小18區,捷運劍潭站,故宮
TPE11217,Taipei,市民小巴1,捷運劍潭站,風櫃嘴
TPE11221,Taipei,284,汐止社后,景美
TPE11231,Taipei,621,二重,捷運永春站
TPE11232,Taipei,211,二重,捷運麟光站
TPE11241,Taipei,662,三重,國父紀念館
TPE11242,Taipei,539,三重,臺北車站
TPE11243,Taipei,39,三重,臺北車站
TPE11245,Taipei,226,三重,吳興街
TPE11246,Taipei,292,二重,捷運麟光站
TPE11251,Taipei,棕13,雙溪,捷運大直站
TPE11252,Taipei,255,雙溪,臺北車站
TPE11253,Taipei,255區,兒童新樂園,雙溪
TPE11411,Taipei,299,輔仁大學,永春高中
TPE11421,Taipei,513,捷運輔大站,捷運台大醫院站
TPE11741,Taipei,貓空右線,貓空纜車站,杏花林
TPE11742,Taipei,611,捷運動物園站,松山車站
TPE11763,Taipei,236區,東南科技大學,捷運公館站
TPE11764,Taipei,251區,東南科技大學,公館
TPE11811,Taipei,0南,萬芳社區,捷運東門站
TPE11812,Taipei,和平幹線,萬芳社區,衡陽路
TPE11813,Taipei,109,萬芳社區,陽明山
TPE11815,Taipei,606,萬芳社區,榮總
TPE11821,Taipei,33,永春高中,大直美麗華
TPE11831,Taipei,49,建國北路,東園
TPE11833,Taipei,復興幹線,建國北路,景美
TPE11834,Taipei,688,建國北路,中和成功路
TPE11841,Taipei,270,中華科技大學,捷運西門站
TPE11842,Taipei,270區,凌雲五村,市政府
TPE11851,Taipei,276,舊莊,衡陽路
TPE11853,Taipei,306區,舊莊,臺北橋
TPE11854,Taipei,市民小巴6,舊莊,捷運南港站
TPE11861,Taipei,5,中和,行天宮
TPE11871,Taipei,41,兒童新樂園,捷運大安站
TPE11881,Taipei,重慶幹線,天母,東園
TPE15111,Taipei,202,中和,捷運國父紀念館站
TPE15112,Taipei,208,中和,大直
TPE15113,Taipei,208區,中和,捷運圓山站
TPE15141,Taipei,28,大直,市政府
TPE15142,Taipei,42,大直,北門
TPE15143,Taipei,256,大直,松山車站
TPE15151,Taipei,308,淡江大學,捷運劍潭站
TPE15161,Taipei,676,動物園,行天宮
TPE15162,Taipei,282,動物園,圓環
TPE15163,Taipei,282副,動物園,圓環
TPE15164,Taipei,530,指南宮,捷運公館站
TPE15171,Taipei,902,麟光站,捷運石牌站
TPE15172,Taipei,556,木柵象頭埔,捷運劍潭站
TPE15173,Taipei,912,深坑,捷運市政府站
TPE15183,Taipei,905,新店錦繡,民生社區
TPE15184,Taipei,905副,錦繡,民生社區
TPE15185,Taipei,202區,錦繡,臺北科技大學
TPE15191,Taipei,660,深坑,圓環
TPE15221,Taipei,682,八里,社子
TPE15312,Taipei,紅2,汐止社后,捷運圓山站
TPE15313,Taipei,521,內湖,捷運忠孝復興站
TPE15314,Taipei,203,汐止社后,天母
TPE15321,Taipei,紅10,台北海大,捷運劍潭站
TPE15322,Taipei,215,台北海大,臺北車站
TPE15331,Taipei,紅3區,社子站,內湖科技園區
TPE15332,Taipei,267,捷運大湖公園站,天母
TPE15333,Taipei,250,後港里,永和
TPE15334,Taipei,620,國立科教館,中華科技大學
TPE15335,Taipei,683,後港里,南港高工
TPE15341,Taipei,紅19,天母,捷運石牌站
TPE15352,Taipei,268,大直,天母
TPE15353,Taipei,247,東湖,衡陽路
TPE15355,Taipei,240直,東湖,國父紀念館
TPE15356,Taipei,553,東湖,金龍寺
TPE15358,Taipei,247區,東湖,捷運圓山站
TPE15359,Taipei,681,東湖,陽明山
TPE15361,Taipei,藍7,故宮,捷運市政府站
TPE15362,Taipei,72,捷運麟光站,大直
TPE15372,Taipei,206,天母,中華路
TPE15373,Taipei,中山幹線,天母,青年公園
TPE15375,Taipei,224,天母,捷運石牌站
TPE15381,Taipei,246,普濟堂,東園
TPE15391,Taipei,279,天母,內湖焚化廠
TPE15512,Taipei,675,汐止,捷運公館站
TPE15513,Taipei,711,汐止,圓環
TPE15514,Taipei,605,汐止,臺北車站
TPE15515,Taipei,668,汐止,公館
TPE15516,Taipei,605快,汐止,臺北車站
TPE15517,Taipei,605副,汐止,松山車站
TPE15518,Taipei,605新台五,汐止,臺北車站
TPE15521,Taipei,227,三重,永和
TPE15522,Taipei,227區,三重,捷運民權西路站
TPE15531,Taipei,紅12,天文科學館,捷運石牌站
TPE15532,Taipei,300,故宮博物院,衡陽路
TPE15541,Taipei,紅15,天母,社子
TPE15546,Taipei,280,天母,公館
TPE15551,Taipei,紅30,故宮,捷運劍潭站
TPE15553,Taipei,304承德,故宮,永和
TPE15554,Taipei,304重慶,故宮,永和
TPE15561,Taipei,214,中和,內湖
TPE15562,Taipei,214直,中和,松山機場
TPE15563,Taipei,311,中和,松山
TPE15571,Taipei,600,南港高工,臺北車站
TPE15572,Taipei,207,內湖(新湖二路),捷運南勢角站
TPE15573,Taipei,市民小巴8,士林站,後港里
TPE15581,Taipei,616,泰山,天母
TPE15638,Taipei,677,汐止社后,捷運圓山站
TPE15657,Taipei,280直,天母,公館
TPE15664,Taipei,39夜,三重,臺北車站
TPE15676,Taipei,內科通勤專車10,新店錦繡,內湖科技園區
TPE15677,Taipei,內科通勤專車11,新莊,內湖科技園區
TPE15678,Taipei,內科通勤專車12,新莊,內湖科技園區
TPE15679,Taipei,內科通勤專車13,天母,內湖科技園區
TPE15680,Taipei,內科通勤專車15,天母,內湖科技園區
TPE15681,Taipei,內科通勤專車16,北投,內湖科技園區
TPE15682,Taipei,內科通勤專車17,士林,內湖科技園區
TPE15683,Taipei,內科通勤專車18,捷運民權西路站,內湖科技園區
TPE15684,Taipei,內科通勤專車19,捷運市政府站,內湖科技園區
TPE15685,Taipei,內科通勤專車2,中和高中,內湖科技園區
TPE15686,Taipei,內科通勤專車20,捷運市政府站,內湖科技園區
TPE15687,Taipei,內科通勤專車3,土城駕訓中心,內湖科技園區
TPE15688,Taipei,內科通勤專車5,捷運市政府站,內湖(新湖二路)
TPE15689,Taipei,內科通勤專車6,蘆洲站,內湖科技園區
TPE15690,Taipei,內科通勤專車7,汐止,內湖科技園區
TPE15691,Taipei,內科通勤專車8,松山車站,內湖科技園區
TPE15693,Taipei,內科通勤專車-市府直達車,捷運市政府站,內湖科技園區
TPE15694,Taipei,南軟通勤專車中和線,中和,南港軟體園區
TPE15695,Taipei,南軟通勤專車天母線,天母,南港軟體園區
TPE15696,Taipei,南軟通勤專車北投線,新北投,南港軟體園區
TPE15698,Taipei,南軟通勤專車雙和線,土城駕訓中心,南港軟體園區
TPE15702,Taipei,內科通勤專車-圓山直達車,捷運圓山站,內湖科技園區
TPE15708,Taipei,信義幹線,捷運昆陽站,臺北車站
TPE15709,Taipei,298區,大安運動中心,第二果菜市場
TPE15711,Taipei,市民小巴9,大佳河濱公園,聯合醫院中興院區
TPE15724,Taipei,128,捷運石牌站,陽明山
TPE15726,Taipei,129,捷運北投站,竹子湖
TPE15730,Taipei,棕18,政治大學,松山車站
TPE15731,Taipei,市民小巴11,天母,捷運芝山站
TPE15734,Taipei,市民小巴10,麥帥新城,三民國中
TPE15735,Taipei,602,天母,北投
TPE16111,Taipei,307,板橋,撫遠街
TPE16112,Taipei,310,板橋,士林
TPE16121,Taipei,604,板橋,民生社區
TPE16122,Taipei,651,板橋,臺北市政府
TPE16125,Taipei,藍20區,南港車站,捷運劍南路
TPE16127,Taipei,679,動物園,金龍寺
TPE16128,Taipei,225區,蘆洲,松山機場
TPE16131,Taipei,265夜,土城,行政院
TPE16132,Taipei,212夜,舊莊,青年公園
TPE16140,Taipei,貓空左線(指南宮),貓空壺穴站,貓纜指南宮站
TPE16153,Taipei,棕19,南港車站,捷運大湖公園站
TPE16157,Taipei,208直,大直,中和
TPE16158,Taipei,292副,二重,捷運麟光站
TPE16160,Taipei,小3區,捷運昆陽站,清白里
TPE16163,Taipei,貓空左線(動物園),捷運動物園站,貓空纜車站
TPE16164,Taipei,市民小巴12,捷運芝山站,社子里
TPE16166,Taipei,紅50,內湖,捷運圓山站
TPE16168,Taipei,108區,陽明山,二子坪
TPE16169,Taipei,672區,大鵬新城,捷運公館站
TPE16172,Taipei,懷恩專車S31,捷運公館站,第二殯儀館
TPE16174,Taipei,棕20,內科,故宮博物院
TPE16184,Taipei,680,麟光,天母
TPE16390,Taipei,紅34,捷運圓山站,大佳河濱公園
TPE16439,Taipei,278區,捷運景美站,新益里
TPE16440,Taipei,藍50,新湖二路,捷運昆陽站
TPE16504,Taipei,756,淡江大學,北門
TPE16506,Taipei,藍51,捷運昆陽站,東湖安泰里
TPE16508,Taipei,懷恩專車S33,捷運忠孝復興站,第二殯儀館
TPE16559,Taipei,42區,大直,捷運圓山站
TPE16568,Taipei,棕21,政大里,捷運市政府站
TPE16648,Taipei,小28,捷運北投站,登山路
TPE16649,Taipei,市民小巴15,捷運昆陽站,捷運南港展覽館站
TPE16706,Taipei,1503,五股,動物園
TPE16707,Taipei,757,淡海,北門
TPE16709,Taipei,254區,大鵬新城,捷運公館站
TPE16746,Taipei,1717,臺北車站(公園),金山
TPE16747,Taipei,棕22,景美,青年路
TPE16749,Taipei,紅55,捷運關渡站,臺北藝術大學
TPE16750,Taipei,紅55區,捷運關渡站,臺北城市科技大學
TPE17018,Taipei,懷恩專車S32,捷運六張犁站,第二殯儀館
TPE17020,Taipei,小30,木柵路五段,自來水博物館
TPE17022,Taipei,紅57,捷運行天宮站,捷運科技大樓站
TPE17333,Taipei,557,天文科學館,東吳大學
TPE17363,Taipei,949,深坑,捷運古亭站
TPE17390,Taipei,950,中和,內湖科學園區
TPE17436,Taipei,紅3,社子,台北花市
TPE17512,Taipei,311區,中和,捷運公館站
TPE17555,Taipei,綠16,松德站,捷運劍南路站
TPE17556,Taipei,綠17,華中河濱公園,大稻埕碼頭
TPE17560,Taipei,兒樂1號線,兒童新樂園,捷運芝山站、士林站
TPE17561,Taipei,兒樂2號線,兒童新樂園,捷運劍潭站
TPE17678,Taipei,679區,捷運動物園,南港車站
TPE17686,Taipei,216,新北投,捷運劍潭站
TPE17690,Taipei,558,新北投,榮總
TPE17709,Taipei,955,汐止,捷運劍南路站(植福)
TPE17740,Taipei,957,淡海新市鎮,捷運劍南路站
TPE17800,Taipei,臺北觀光巴士紅線,臺北車站,台北101
TPE17801,Taipei,臺北觀光巴士藍線,臺北車站,故宮博物院
TPE17805,Taipei,559,捷運石牌站,陽明大學
TPE17825,Taipei,660區,深坑,捷運景美站
TPE17869,Taipei,88區,南港花園社區,臺北車站
TPE17908,Taipei,市民小巴16,天母,捷運芝山站
TPE17928,Taipei,907通勤,萬華,崇義高中
TPE17929,Taipei,紅68,北投士林科技園區,捷運芝山站
TPE17944,Taipei,66,捷運動物園站,松山車站
TPE17952,Taipei,617副,泰山,內湖
TPE17967,Taipei,通勤7,師大,中研院
TPE17993,Taipei,紅10區,社子,捷運劍潭站
TPE18015,Taipei,內科通勤專車21,板橋,內科
TPE18039,Taipei,通勤9,惇敘商工,蘆洲
TPE18040,Taipei,小10區,萬芳社區,貓空纜車站
TPE18044,Taipei,藍7副,故宮,捷運市政府
TPE18057,Taipei,295副,捷運動物園站,臺北車站
TPE810,Taipei,敦化幹線,麟光新村,榮總
NWT10116,NewTaipei,242,中和,西門
NWT10143,NewTaipei,棕7,新店站,臺北市政府
NWT10148,NewTaipei,702,三峽,板橋公車站
NWT10149,NewTaipei,624綠,新店,西門
NWT10151,NewTaipei,701,迴龍,西門
NWT10161,NewTaipei,231,宏國德霖科技大學,捷運西門站
NWT10162,NewTaipei,245,宏國德霖科技大學,捷運臺大醫院站
NWT10163,NewTaipei,656,宏國德霖科技大學,捷運臺大醫院站
NWT10164,NewTaipei,657,宏國德霖科技大學,華江橋
NWT10171,NewTaipei,201,中和,捷運龍山寺站
NWT10172,NewTaipei,243,中和,西門
NWT10173,NewTaipei,241,中和,博愛路
NWT10195,NewTaipei,705,三峽,西門
NWT10196,NewTaipei,706,三峽,西門
NWT10281,NewTaipei,藍2,新莊,捷運西門站
NWT10325,NewTaipei,909,錦繡山莊,松山機場
NWT10329,NewTaipei,906,錦繡山莊,松山機場
NWT10424,NewTaipei,520,捷運新北產業園區,捷運民權西路站
NWT10453,NewTaipei,640,五股,捷運台大醫院站
NWT10474,NewTaipei,636,龍壽里,圓環
NWT10475,NewTaipei,635,龍壽里,臺北
NWT10491,NewTaipei,637,五股,臺北
NWT10492,NewTaipei,638,五股,捷運南京復興站
NWT10511,NewTaipei,639,東昇公園,捷運北門站
NWT10731,NewTaipei,綠2左,景美女中,中永和
NWT10732,NewTaipei,綠2右,景美女中,中永和
NWT10753,NewTaipei,666華梵大學,景福街,華梵大學
NWT10772,NewTaipei,249,華夏科技大學,臺北車站
NWT10784,NewTaipei,290副,景明街口,溪園路
NWT11244,NewTaipei,62,三重,東園
NWT15181,NewTaipei,248,錦繡,民生社區
NWT15224,NewTaipei,631,淡水,北投
NWT15717,NewTaipei,913,錦繡山莊,松山機場
NWT16113,NewTaipei,658,板橋,西門
NWT16123,NewTaipei,667,板橋,臺北車站
NWT16189,NewTaipei,812,三峽,捷運永寧站
NWT16191,NewTaipei,藍31,五福新村,板橋後站
NWT16207,NewTaipei,藍44,樹林,捷運永寧站
NWT16210,NewTaipei,917,鶯歌,捷運永寧站
NWT16215,NewTaipei,848,臺北區監理所,板橋公車站
NWT16223,NewTaipei,807,三峽,滿月圓
NWT16224,NewTaipei,922,三峽北大社區,捷運永寧站
NWT16243,NewTaipei,綠15,伴山別墅(一),捷運大坪林站
NWT16258,NewTaipei,819,深坑站,捷運七張站
NWT16265,NewTaipei,橘1,錦繡,捷運景安站
NWT16269,NewTaipei,836,滬尾砲台,捷運淡水站
NWT16270,NewTaipei,838,泰山,捷運關渡站
NWT16272,NewTaipei,836假日,捷運淡水站,漁人碼頭
NWT16274,NewTaipei,橘9,錦繡,雙和醫院
NWT16282,NewTaipei,紅38,淡海新市鎮,捷運淡水站
NWT16288,NewTaipei,紅28,捷運淡水站,淡江大學
NWT16294,NewTaipei,藍22,汐止,南港花園社區
NWT16296,NewTaipei,藍15,汐止,捷運昆陽站
NWT16393,NewTaipei,849,烏來,臺北
NWT16397,NewTaipei,紅51,淡海新市鎮,捷運淡水站
NWT16405,NewTaipei,橘5,板橋,捷運景安站
NWT16406,NewTaipei,8,捷運新店站,捷運景安站
NWT16407,NewTaipei,橘2,中和,秀山
NWT16418,NewTaipei,綠10,景文科技大學,捷運大坪林站
NWT16420,NewTaipei,綠7,黎明清境,捷運大坪林站
NWT16422,NewTaipei,923,坪林,捷運新店站
NWT16423,NewTaipei,930,青潭,板橋區公所
NWT16425,NewTaipei,811,蘆洲,聯合醫院中興院區
NWT16427,NewTaipei,839,新店達觀,捷運新店站
NWT16429,NewTaipei,847,樹林,板橋
NWT16430,NewTaipei,紅36,新春街,捷運淡水站
NWT16431,NewTaipei,紅37,淡海新市鎮,捷運淡水站
NWT16432,NewTaipei,紅39,新春街,捷運淡水站
NWT16461,NewTaipei,275副,三峽,松山機場
NWT16462,NewTaipei,910,三峽,捷運府中站
NWT16463,NewTaipei,藍35,歡仔園,捷運新埔站
NWT16464,NewTaipei,藍17,五福新村,捷運永寧站
NWT16466,NewTaipei,橘3,中和,捷運頂溪站
NWT16467,NewTaipei,51,南雅站,永和
NWT16468,NewTaipei,57,板橋,永和
NWT16471,NewTaipei,藍33,五福新村,板橋公車站
NWT16474,NewTaipei,843,樹林,板橋(捷運府中站)
NWT16479,NewTaipei,802區,新莊,捷運新埔站
NWT16481,NewTaipei,綠13,青潭,捷運公館站
NWT16485,NewTaipei,835,新北產業園區,捷運台大醫院站
NWT16486,NewTaipei,藍37,龍壽里,捷運板橋站
NWT16487,NewTaipei,藍38,樹林,捷運板橋站
NWT16489,NewTaipei,橘19,五股,三重
NWT16490,NewTaipei,橘17,新莊中原路,捷運三民高中站
NWT16491,NewTaipei,綠9,大香山,慈濟醫院
NWT16492,NewTaipei,綠9耕莘,大香山,耕莘醫院
NWT16493,NewTaipei,綠9北新國小,大香山,北新國小
NWT16497,NewTaipei,837,新春街,福德里
NWT16498,NewTaipei,藍21,汐止社后,南港車站
NWT16499,NewTaipei,816,三重,捷運士林站
NWT16500,NewTaipei,815,三重,故宮博物院
NWT16501,NewTaipei,橘16,三重,捷運三民高中站
NWT16511,NewTaipei,779,三峽,新店
NWT16513,NewTaipei,885,三峽,捷運頭前庄站
NWT16515,NewTaipei,858,東昇公園,華亞園區
NWT16517,NewTaipei,704,八里,北門
NWT16518,NewTaipei,859,泰山公有市場,東昇公園
NWT16519,NewTaipei,橘22,瓊林,捷運新莊站
NWT16521,NewTaipei,704區,八里,捷運蘆洲站
NWT16522,NewTaipei,881,淡海,捷運淡水站
NWT16526,NewTaipei,869,高爾夫山莊,捷運淡水站
NWT16527,NewTaipei,878,八里,捷運淡水站
NWT16528,NewTaipei,860,三芝,捷運淡水站
NWT16529,NewTaipei,861,馬偕醫學院,捷運淡水站
NWT16530,NewTaipei,865,捷運淡水站,茂林
NWT16531,NewTaipei,866,捷運淡水站,內橫山
NWT16532,NewTaipei,867,捷運淡水站,順天聖母廟
NWT16535,NewTaipei,874,捷運淡水站,大湖
NWT16536,NewTaipei,875,捷運淡水站,北新莊
NWT16538,NewTaipei,877,捷運淡水站,石門
NWT16542,NewTaipei,879,馬偕醫學院,關渡
NWT16543,NewTaipei,882,馬偕醫學院,捷運紅樹林站
NWT16544,NewTaipei,藍39,汐止社后,南港車站
NWT16547,NewTaipei,808,瑞芳火車站(區民廣場),猴硐活動中心
NWT16548,NewTaipei,827,瑞芳,福山宮
NWT16551,NewTaipei,825,瑞芳,金瓜石
NWT16552,NewTaipei,856(台灣好行-黃金福隆線),瑞芳火車站,福隆遊客中心
NWT16554,NewTaipei,826,猴硐遊客中心,水湳洞
NWT16556,NewTaipei,888,萬里,圳頭
NWT16557,NewTaipei,887,福隆,和美
NWT16560,NewTaipei,932,三峽北大社區,板橋公車站
NWT16562,NewTaipei,935,錦繡山莊,臺北市政府
NWT16564,NewTaipei,876,捷運淡水站,三芝
NWT16565,NewTaipei,886,瑞芳,和美國小
NWT16571,NewTaipei,797,五股,市政府
NWT16573,NewTaipei,800,樹林,捷運輔大站
NWT16574,NewTaipei,892,淡水,石門
NWT16575,NewTaipei,893,淡水,北新莊
NWT16576,NewTaipei,799,樹林,臺北(經大安路)
NWT16577,NewTaipei,871經中山北路,捷運淡水站,行忠堂
NWT16578,NewTaipei,872經正德國中、直行中山北路,捷運淡水站,中泰
NWT16579,NewTaipei,873經正德國中,捷運淡水站,中和里
NWT16580,NewTaipei,891,黃金博物館,保民堂
NWT16581,NewTaipei,275,宏國德霖科技大學,松山機場
NWT16582,NewTaipei,橘25,蘆洲,捷運三重國小站
NWT16583,NewTaipei,936,林口,捷運圓山站
NWT16584,NewTaipei,820,泰山,民權西路站
NWT16585,NewTaipei,908,三峽,捷運景安站
NWT16586,NewTaipei,藍46,二鬮,捷運永寧站
NWT16588,NewTaipei,264,捷運蘆洲站,板橋
NWT16590,NewTaipei,綠12,坪林,捷運新店站
NWT16591,NewTaipei,857,淡海,板橋
NWT16592,NewTaipei,橘21,龍壽里,新北產業園區
NWT16593,NewTaipei,橘18,蘆洲,五華街
NWT16594,NewTaipei,801,五股,松山機場
NWT16595,NewTaipei,803,五股,松山機場
NWT16599,NewTaipei,藍32,信義國小,聯合醫院(板橋院區)
NWT16601,NewTaipei,藍40,華克山莊,土城
NWT16602,NewTaipei,藍45,成福,捷運永寧站
NWT16603,NewTaipei,920,林口,捷運府中站
NWT16604,NewTaipei,925,蘆洲,林口
NWT16606,NewTaipei,981三鶯捷運先導公車,鶯歌路口,捷運頂埔站
NWT16607,NewTaipei,889,三峽,捷運亞東醫院站
NWT16608,NewTaipei,802,三峽,捷運新埔站
NWT16609,NewTaipei,842,新莊,捷運新埔站
NWT16610,NewTaipei,綠5,大崎腳,中正環河路口
NWT16611,NewTaipei,綠6,美之城,中和
NWT16612,NewTaipei,綠3,花園新城,中和
NWT16613,NewTaipei,綠8,台北小城,中和
NWT16614,NewTaipei,930延,大崎腳,板橋區公所
NWT16619,NewTaipei,紅26,漁人碼頭,捷運淡水站
NWT16620,NewTaipei,橘10,泰山,三民高中
NWT16623,NewTaipei,818,捷運紅樹林站,聖約翰科技大學
NWT16626,NewTaipei,870,捷運淡水站,忠山
NWT16627,NewTaipei,872,捷運淡水站,中泰
NWT16628,NewTaipei,871,捷運淡水站,行忠堂
NWT16629,NewTaipei,873,捷運淡水站,中和里
NWT16630,NewTaipei,868正,新春街,小坪頂
NWT16631,NewTaipei,868返,新春街,小坪頂
NWT16632,NewTaipei,藍23,汐止社后,捷運昆陽站
NWT16633,NewTaipei,919,五堵,捷運忠孝復興站
NWT16635,NewTaipei,939,三峽,臺北市政府
NWT16637,NewTaipei,780,雙溪火車站,盤山坑
NWT16641,NewTaipei,788去水湳洞,基隆,水湳洞
NWT16642,NewTaipei,787,瑞芳,基隆(富景天下)
NWT16643,NewTaipei,782,雙溪火車站,長源
NWT16644,NewTaipei,781,雙溪火車站,長源
NWT16651,NewTaipei,864,三芝,捷運劍潭站
NWT16655,NewTaipei,937,林口,圓山
NWT16656,NewTaipei,839耕莘,新店達觀,耕莘醫院
NWT16659,NewTaipei,880,樹林,淡海
NWT16660,NewTaipei,883,樹林,淡海
NWT16662,NewTaipei,948,林口,板橋公車站
NWT16663,NewTaipei,藍43,三峽,捷運永寧站
NWT16664,NewTaipei,921,三峽,捷運景安站
NWT16665,NewTaipei,851,北大社區,鶯歌
NWT16666,NewTaipei,852,北大社區,樹林
NWT16667,NewTaipei,橘12,二重,捷運三重國小站
NWT16668,NewTaipei,橘13,三重,五股
NWT16669,NewTaipei,橘20,觀音山,蘆洲
NWT16670,NewTaipei,810,土城,迴龍
NWT16671,NewTaipei,紅27,淡江大學,捷運淡水站
NWT16672,NewTaipei,938,五股,捷運台大醫院站
NWT16673,NewTaipei,紅13,八里,捷運關渡站
NWT16674,NewTaipei,紅22,八里,捷運關渡站
NWT16675,NewTaipei,863,淡水,金山
NWT16676,NewTaipei,F923,萬里區公所,金山醫院
NWT16677,NewTaipei,F921,萬里區公所,金山醫院
NWT16678,NewTaipei,F921假日,萬里區公所,金山醫院
NWT16679,NewTaipei,F923假日,萬里區公所,金山醫院
NWT16681,NewTaipei,787經瑞芳工業區,瑞芳,基隆
NWT16682,NewTaipei,791,國家新城,福隆
NWT16685,NewTaipei,657延,宏國德霖科技大學,華江橋
NWT16686,NewTaipei,橘26,東昇公園,捷運迴龍站
NWT16688,NewTaipei,983,淡海新市鎮,捷運關渡站
NWT16689,NewTaipei,793,樹林,動物園
NWT16691,NewTaipei,796,木柵,板橋
NWT16692,NewTaipei,783,五股,臺北
NWT16693,NewTaipei,785,觀音山,臺北北門
NWT16694,NewTaipei,786,華亞園區,板橋
NWT16695,NewTaipei,821,三芝,天文科學館
NWT16697,NewTaipei,847區,樹林,捷運亞東醫院站
NWT16710,NewTaipei,867區,捷運淡水站,石門
NWT16715,NewTaipei,紅28直,捷運淡水站,淡江大學
NWT16717,NewTaipei,895,南勢角,捷運公館站
NWT16719,NewTaipei,795往木柵,十分寮、平溪,木柵
NWT16726,NewTaipei,941,三峽,新店
NWT16728,NewTaipei,940,三峽,捷運府中站
NWT16729,NewTaipei,藍44延,樹林,南天母廣場
NWT16730,NewTaipei,822,五股立體停車場,林口長庚醫院
NWT16731,NewTaipei,817,汐止,五分埔
NWT16732,NewTaipei,紅23,漁人碼頭,慈濟志業中心
NWT16733,NewTaipei,890,汐止,烘內
NWT16734,NewTaipei,846,瑞芳,平溪
NWT16735,NewTaipei,藍41,捷運海山站,永安市場站
NWT16739,NewTaipei,789,國家新城,崁腳
NWT16740,NewTaipei,790,金山南勢,基隆
NWT16745,NewTaipei,藍31華江,華江碼頭,板橋後站
NWT16748,NewTaipei,橘18福隆路,蘆洲,五華街
NWT16752,NewTaipei,F101坪頂,捷運淡水站,捷運淡水站
NWT16753,NewTaipei,788往金瓜石,基隆,金瓜石
NWT16755,NewTaipei,788往基隆,金瓜石,基隆
NWT16757,NewTaipei,795往十分寮,木柵,十分寮
NWT16758,NewTaipei,795往平溪,木柵,平溪
NWT16759,NewTaipei,943,三峽,臺北大學(臺北校區)
NWT16760,NewTaipei,F101樹興,捷運淡水站,捷運淡水站
NWT16761,NewTaipei,F105,捷運淡水站,華南銀行
NWT16762,NewTaipei,F106下午,捷運淡水站,華南銀行
NWT16763,NewTaipei,F106上午,捷運淡水站,華南銀行
NWT16764,NewTaipei,F106中午,捷運淡水站,華南銀行
NWT16767,NewTaipei,F110,捷運淡水站,華南銀行
NWT16768,NewTaipei,F111新民,捷運淡水站,華南銀行
NWT16770,NewTaipei,F111新春,捷運淡水站,華南銀行
NWT16772,NewTaipei,F112,捷運淡水站,農會
NWT16773,NewTaipei,F105返,捷運淡水站,華南銀行
NWT16774,NewTaipei,F109,捷運淡水站,華南銀行
NWT16775,NewTaipei,F102,捷運淡水站,華南銀行
NWT16777,NewTaipei,F103,捷運淡水站,華南銀行
NWT16778,NewTaipei,F135,三芝國中,竹圍馬偕
NWT16780,NewTaipei,F138新古庄,新庄子路口,二號倉庫
NWT16781,NewTaipei,F138內橫山,二號倉庫,三芝國中
NWT16782,NewTaipei,F133平日,二號倉庫,三芝國中
NWT16783,NewTaipei,F133後店,二號倉庫,三芝國中
NWT16784,NewTaipei,F133末班,二號倉庫,三芝國中
NWT16785,NewTaipei,F133假日,二號倉庫,三芝國中
NWT16786,NewTaipei,F131,三芝國中,二號倉庫
NWT16787,NewTaipei,F132,二號倉庫,二坪頂
NWT16788,NewTaipei,F136,三芝國中,三芝熱帶嶼
NWT16789,NewTaipei,F137,三芝國中,士林新光醫院
NWT16790,NewTaipei,F139行經台2線,三芝國中,捷運淡水站
NWT16792,NewTaipei,F121,八里國小正門,樂山療養院
NWT16793,NewTaipei,F122,八里國小,荖阡坑
NWT16794,NewTaipei,F123-0640,廖添丁廟,米倉國小
NWT16795,NewTaipei,F123-1205,米倉國小,廖添丁廟
NWT16796,NewTaipei,F123-1550,廖添丁廟,米倉國小
NWT16797,NewTaipei,F123-1555,廖添丁廟,八里國中
NWT16798,NewTaipei,F125馬偕,馬偕醫院,廖添丁廟
NWT16799,NewTaipei,F125廖添丁,廖添丁廟,馬偕醫院
NWT16800,NewTaipei,F126,廖添丁廟,長庚醫院
NWT16802,NewTaipei,F126江厝,廖添丁廟,長庚醫院
NWT16804,NewTaipei,F151-0800,石門區公所,老梅托兒所
NWT16805,NewTaipei,F151-1555,石門區公所,十塊厝
NWT16806,NewTaipei,F151-1625,石門區公所,順天聖母廟
NWT16807,NewTaipei,F151-山溪集會所,石門區公所,山溪集會所
NWT16808,NewTaipei,F153-0605,石門區公所,草里
NWT16809,NewTaipei,F153-0730,石門區公所,茂林
NWT16810,NewTaipei,F153-0820,石門區公所,飛彈營
NWT16811,NewTaipei,F153-1030,石門區公所,茂林
NWT16812,NewTaipei,F153-1550,石門區公所,妙濟寺
NWT16813,NewTaipei,F153-0930,石門區公所,草里
NWT16814,NewTaipei,F153-1730,石門區公所,茂林
NWT16815,NewTaipei,F151-0605,石門區公所,十塊厝
NWT16816,NewTaipei,F151-0620,石門區公所,鄭吉宅
NWT16817,NewTaipei,F151-0730,石門區公所,尖仔鹿口
NWT16818,NewTaipei,F151-0930,石門區公所,十塊厝
NWT16819,NewTaipei,F151-1000,石門區公所,尖山湖
NWT16820,NewTaipei,F151-1800,石門區公所,許宅
NWT16821,NewTaipei,F161,草里車站,馬偕醫院
NWT16823,NewTaipei,F152-0600,老梅,新錦豐飯店
NWT16824,NewTaipei,F152-0620,老梅,楓林路
NWT16825,NewTaipei,F152-0635,老梅,豬槽潭
NWT16826,NewTaipei,F152-0700,老梅,德茂村二鄰
NWT16827,NewTaipei,F152-0810,老梅,青山瀑布
NWT16828,NewTaipei,F152-0850,老梅,新錦豐飯店
NWT16829,NewTaipei,F152-0915,石門區公所,老梅
NWT16830,NewTaipei,F152-1555,老梅,石門區公所
NWT16831,NewTaipei,F152-1700,老梅,樹仔下
NWT16832,NewTaipei,F152-1720,老梅,八甲頂
NWT16834,NewTaipei,F152-1800,老梅,六和山莊橋
NWT16835,NewTaipei,F201,新莊區公所,福德宮
NWT16837,NewTaipei,F202,文藝中心,新莊高中
NWT16838,NewTaipei,F217,明志路三段,林口長庚醫院
NWT16839,NewTaipei,F218,明志路三段,署立臺北醫院
NWT16840,NewTaipei,F211,泰山公有市場,貴和社區
NWT16841,NewTaipei,F212,泰山公有市場,泰山國中
NWT16842,NewTaipei,F212楓江,泰山公有市場,楓江路
NWT16843,NewTaipei,F213,泰山公有市場,勝隆土雞城
NWT16844,NewTaipei,F213黎明,泰山公有市場,黎明技術學院
NWT16845,NewTaipei,578,泰山公有市場,臺北車站
NWT16847,NewTaipei,579,明志國小,臺北車站
NWT16849,NewTaipei,580,大窠橋,馬偕醫院
NWT16850,NewTaipei,F221德泰,大窠橋,馬偕醫院
NWT16851,NewTaipei,581,五股站,御史路
NWT16852,NewTaipei,F222陸光,陸光總站,御史路
NWT16853,NewTaipei,F223工業,五股,臺北車站(鄭州)
NWT16855,NewTaipei,582,立體停車場,臺北車站(鄭州)
NWT16857,NewTaipei,F231,林口加油站,林口加油站
NWT16859,NewTaipei,F232,林口加油站,林口加油站
NWT16861,NewTaipei,F233,水尾,水尾
NWT16863,NewTaipei,F235,瑞平國小,長庚醫院
NWT16865,NewTaipei,F236,洪厝,林口加油站
NWT16867,NewTaipei,F237,出水坑,林口加油站
NWT16869,NewTaipei,F238,林口發電廠,林口加油站
NWT16871,NewTaipei,F239,林口發電廠,林口加油站
NWT16873,NewTaipei,F250,太平社區,太平社區
NWT16876,NewTaipei,F302,三重區公所,五常郵局
NWT16877,NewTaipei,F303,三重區公所,明志國中
NWT16878,NewTaipei,F312,蘆洲區公所,成蘆橋下
NWT16887,NewTaipei,F317,蘆洲區公所,陽明醫院
NWT16890,NewTaipei,F512,自強國中,捷運景安站
NWT16891,NewTaipei,F513,灰瑤,秀山站
NWT16892,NewTaipei,F521,永平路口,仁愛公園
NWT16893,NewTaipei,F522,捷運頂溪站,耕莘醫院
NWT16894,NewTaipei,F523,永平國小,保順保生路
NWT16895,NewTaipei,F525,民權圖書館,遠東愛買
NWT16896,NewTaipei,F526,民本里,民本里一
NWT16897,NewTaipei,570,山中湖,南天母廣場
NWT16898,NewTaipei,571,善息寺,南天母廣場
NWT16899,NewTaipei,572,金城路口,南天母廣場
NWT16900,NewTaipei,573,信義國小,南天母廣場
NWT16901,NewTaipei,574,信義國小,南天母廣場
NWT16902,NewTaipei,575,捷運永寧站,南天母廣場
NWT16903,NewTaipei,F611,大學風呂,長庚醫院
NWT16905,NewTaipei,F622,安溪國小,三峽國小
NWT16906,NewTaipei,F623,文化停車場,福慶宮
NWT16907,NewTaipei,F625,大仁路大勇路口,明德中學
NWT16908,NewTaipei,F626,三峽國小,白雞行修宮
NWT16909,NewTaipei,F627,大仁路大勇路口,五寮
NWT16910,NewTaipei,F628,三峽國小,湊合橋
NWT16912,NewTaipei,F629,文化停車場,鹿母潭
NWT16914,NewTaipei,F630,長福停車場,長庚醫院林口總院
NWT16919,NewTaipei,F651,鶯歌火車站,加油站
NWT16920,NewTaipei,F652,鶯歌區公所,恩主公醫院
NWT16922,NewTaipei,F653A,鶯歌火車站,林長壽圖書館
NWT16923,NewTaipei,F653B,鶯歌火車站,林長壽圖書館
NWT16924,NewTaipei,F655,鶯歌區公所,長庚醫院(總院)
NWT16926,NewTaipei,F656,鶯歌火車站,鳳吉一街94號
NWT16929,NewTaipei,F703前三班,頂好社區,雙城路115號
NWT16930,NewTaipei,592,寶興路42巷口,捷運七張站
NWT16931,NewTaipei,F706,寶興路60巷口,新店區公所
NWT16937,NewTaipei,F711,深坑區公有市場,深坑國小
NWT16939,NewTaipei,F713,深坑國小,深坑區公所
NWT16940,NewTaipei,F712,深坑國小,大崙尾
NWT16941,NewTaipei,F721,坪林國中,南山寺
NWT16942,NewTaipei,F722,坪林國中,九芎根101
NWT16943,NewTaipei,F723,坪林國中,九芎根101
NWT16944,NewTaipei,F801,瑞芳,四腳亭
NWT16946,NewTaipei,F802,瑞芳,金九線
NWT16948,NewTaipei,F803,瑞芳,四腳亭
NWT16950,NewTaipei,F805,瑞芳,和美國小
NWT16952,NewTaipei,F806,瑞芳,大福煤礦
NWT16954,NewTaipei,F807上午,瑞興新村,瑞芳火車站
NWT16955,NewTaipei,F807下午,祖師廟,瑞芳火車站
NWT16956,NewTaipei,F808,瑞芳,三貂嶺
NWT16958,NewTaipei,F811,澳底臻信福,貢寮環保公園
NWT16960,NewTaipei,F815,雙溪火車站,灣潭
NWT16962,NewTaipei,F821,平溪,新寮大厝
NWT16963,NewTaipei,F822,平溪,東勢派出所
NWT16964,NewTaipei,F823,分水崙,福隆火車站
NWT16966,NewTaipei,F831,鶯歌石,貢寮火車站
NWT16967,NewTaipei,F832,貢寮火車站,吉林
NWT16968,NewTaipei,F833,貢寮火車站,龍崗
NWT16969,NewTaipei,F835,貢寮火車站,貢寮區漁會
NWT16970,NewTaipei,F836,貢寮區漁會,鶯歌石
NWT16971,NewTaipei,F837,貢寮火車站,鼻頭里停車場
NWT16972,NewTaipei,貢寮區學生專車,貢寮國中,龍洞灣公園
NWT16973,NewTaipei,F838,貢寮火車站,美豐
NWT16974,NewTaipei,F839,貢寮火車站,鼻頭角
NWT16975,NewTaipei,F922烏塗炭,萬里區公所,靈泉寺
NWT16976,NewTaipei,F922內崁,萬里區公所,靈泉寺
NWT16977,NewTaipei,F933-0620學生專車,三界橋,金山區公所
NWT16978,NewTaipei,F933-0800,金山區公所,金青門口
NWT16979,NewTaipei,F933-0710,金山區公所,金青門口
NWT16980,NewTaipei,F931-0600,金山區公所,金山國小
NWT16981,NewTaipei,F931-0700,金山區公所,磺溪中橋
NWT16982,NewTaipei,F931-0800,金山區公所,下六股
NWT16983,NewTaipei,F931-0910,金山區公所,臺大醫院金山分院
NWT16984,NewTaipei,F931-1030,金山區公所,臺大醫院金山分院
NWT16985,NewTaipei,F931-1255,金山區公所,三界公廟
NWT16986,NewTaipei,F931-1630,金山區公所,三界公廟
NWT16987,NewTaipei,F931-1730,金山區公所,三界公廟
NWT16988,NewTaipei,F901,汐止火車站,汐碇石頭公
NWT16990,NewTaipei,F902,汐止火車站,汐止火車站(公園)
NWT16992,NewTaipei,F902新興,汐止火車站,汐止火車站(公園)
NWT16993,NewTaipei,F903,汐止,天道清修院
NWT16995,NewTaipei,F905,汐止,平溪
NWT16997,NewTaipei,586,保長里,汐止
NWT16999,NewTaipei,F907A,秀峰高中(忠孝東路),秀峰高中(忠孝東路)
NWT17000,NewTaipei,F907B,秀峰高中(忠孝東路),秀峰高中(忠孝東路)
NWT17001,NewTaipei,587,汐止,瑞士山莊
NWT17003,NewTaipei,F909,汐止,五指山森林公園
NWT17005,NewTaipei,F910,汐止,翠柏新村
NWT17007,NewTaipei,F911,汐止,天秀宮
NWT17009,NewTaipei,F912A,汐止火車站,汐止火車站(終點)
NWT17010,NewTaipei,F912B,汐止,汐止公園
NWT17011,NewTaipei,F913延,國泰醫院,忠三街口
NWT17013,NewTaipei,F915,汐止公園,金龍國小
NWT17015,NewTaipei,F916,樟樹國中,樟樹國中
NWT17016,NewTaipei,F917,博市社區（歡天館）,博市社區（歡天館）
NWT17017,NewTaipei,F918,水蓮山莊,水蓮山莊
NWT17292,NewTaipei,945,林口,松山機場
NWT17293,NewTaipei,946,林口,內湖科技園區
NWT17294,NewTaipei,946副,林口,內湖科技園區
NWT17300,NewTaipei,624,新店,西門
NWT17304,NewTaipei,985萬大樹林先導公車,捷運輔大站,捷運龍山寺站
NWT17310,NewTaipei,紅52,淡海新市鎮,捷運紅樹林站
NWT17311,NewTaipei,藍41延和,捷運海山站,永安市場站
NWT17332,NewTaipei,藍21副,汐止社后,南港車站
NWT17360,NewTaipei,藍1,蘆洲,臺北車站
NWT17391,NewTaipei,F932-0600,金山區公所,金山區公所
NWT17392,NewTaipei,F932-0730、1630,金山區公所,清泉鎮天宮
NWT17393,NewTaipei,F932-0820,金山區公所,月眉
NWT17394,NewTaipei,F932-0950,臺大醫院金山分院,金山區公所
NWT17395,NewTaipei,F932-1110,臺大醫院金山分院,礦溪橋
NWT17424,NewTaipei,F919,水晶山莊,北峰里
NWT17425,NewTaipei,F919去延,水晶山莊,北峰里
NWT17432,NewTaipei,F920,汐止,平溪
NWT17433,NewTaipei,F920延,汐止,嶺腳車站
NWT17465,NewTaipei,F932-0630,金山區公所,金山區公所
NWT17466,NewTaipei,棕7綠野香坡,新店,臺北市政府
NWT17479,NewTaipei,290副萬和,興隆站,溪園路
NWT17482,NewTaipei,666皇帝殿,景福街,皇帝殿
NWT17483,NewTaipei,666烏塗窟,景福街,烏塗窟
NWT17500,NewTaipei,790漁港,金山南勢,基隆
NWT17501,NewTaipei,788去海科館,基隆,金瓜石
NWT17502,NewTaipei,788返海科館,金瓜石,基隆
NWT17509,NewTaipei,F137紅樹林,三芝國中,捷運紅樹林站
NWT17510,NewTaipei,紅37繞淡水商工,淡海新市鎮,捷運淡水站
NWT17513,NewTaipei,583,五股,榮總
NWT17515,NewTaipei,778,三峽,白雞
NWT17516,NewTaipei,藍18,中和,新莊
NWT17517,NewTaipei,99,新莊,板橋
NWT17518,NewTaipei,845,新莊,捷運新埔站
NWT17519,NewTaipei,916,三峽,捷運永寧站
NWT17523,NewTaipei,806,板橋,蘆洲
NWT17524,NewTaipei,805,土城,五股
NWT17525,NewTaipei,823,舊莊,汐止
NWT17526,NewTaipei,813,五股,中和
NWT17527,NewTaipei,813區,中和,行政院新莊聯合辦公大樓
NWT17528,NewTaipei,862,基隆,淡水
NWT17530,NewTaipei,716(臺灣好行-皇冠北海岸線),捷運淡水站,野柳地質公園
NWT17532,NewTaipei,918,泰山,新店
NWT17534,NewTaipei,933,三重,動物園
NWT17536,NewTaipei,927,三重,八里
NWT17537,NewTaipei,928,三重,八里
NWT17545,NewTaipei,927經台北港,三重,八里
NWT17546,NewTaipei,F237副,未來城社區,麗園國小
NWT17548,NewTaipei,951,汐止,新店
NWT17552,NewTaipei,F919八連,八連溪谷公園,北峰里
NWT17553,NewTaipei,F919八連去延,八連溪谷公園,北峰里
NWT17557,NewTaipei,897,景文科技大學,板橋
NWT17559,NewTaipei,F212副,泰山公有市場,貿商國宅
NWT17563,NewTaipei,F232副,城市之洲社區,安敦新世界
NWT17565,NewTaipei,F812,十三層老樹,內盤山
NWT17567,NewTaipei,F813,雙溪,瑞芳
NWT17568,NewTaipei,F913,崇義高中,北山里伊士曼(明峰街)
NWT17570,NewTaipei,947,淡水,板橋
NWT17575,NewTaipei,953,金山(南勢),臺大資訊大樓
NWT17576,NewTaipei,952,板橋,南崁
NWT17621,NewTaipei,853跳蛙,三芝站,捷運紅樹林站
NWT17623,NewTaipei,F723石嘈,坪林國中,保安宮
NWT17624,NewTaipei,F703,頂好社區,莒光路87巷土地公廟
NWT17625,NewTaipei,898,龍壽里,長庚醫院
NWT17631,NewTaipei,F301,三重區公所,中山藝術公園
NWT17648,NewTaipei,788返水湳洞,水湳洞,基隆
NWT17663,NewTaipei,F205,福興里站,林口長庚醫院
NWT17664,NewTaipei,F206,新泰活動中心站,林口長庚醫院
NWT17665,NewTaipei,F207,福營行政大樓站,林口長庚醫院
NWT17668,NewTaipei,982,新莊,新店
NWT17671,NewTaipei,林口-捷運圓山站,林口,捷運圓山站
NWT17672,NewTaipei,577,自強國中,捷運府中站
NWT17679,NewTaipei,982區,新北產業園區,捷運府中站
NWT17680,NewTaipei,982直達,捷運大坪林站,行政院新莊聯合辦公大樓
NWT17682,NewTaipei,F501,樹林,板橋
NWT17683,NewTaipei,F502,浮洲地區,捷運板橋站
NWT17687,NewTaipei,982直達新埔線,捷運新埔站,行政院新莊聯合辦公大樓
NWT17689,NewTaipei,三峽-捷運永寧站,三峽,捷運永寧站
NWT17692,NewTaipei,791繞貢寮,國家新城,福隆
NWT17693,NewTaipei,F815嶺頭觀目,雙溪火車站,灣潭
NWT17694,NewTaipei,F139行經101線,三芝國中,捷運淡水站
NWT17696,NewTaipei,849屈尺社區,烏來,臺北
NWT17699,NewTaipei,F823區,南山社區,東興宮
NWT17700,NewTaipei,藍43延南天母,三峽,捷運永寧站
NWT17706,NewTaipei,897區,景文科技大學,捷運景安站
NWT17711,NewTaipei,三峽-捷運台大醫院站,三峽,捷運臺大醫院站
NWT17714,NewTaipei,F657,昌福國小,長庚總院
NWT17716,NewTaipei,939繞國家教育研究所,三峽,臺北市政府
NWT17717,NewTaipei,932繞國家教育研究院,三峽北大社區,板橋公車站
NWT17718,NewTaipei,791經貢寮區衛生,國家新城,福隆
NWT17719,NewTaipei,786區,華亞園區,捷運新莊站
NWT17720,NewTaipei,939跳蛙,三峽,臺北市政府
NWT17775,NewTaipei,908延,三峽,捷運景安站
NWT17779,NewTaipei,F706惠國市場,寶興路60巷口,新店區公所
NWT17789,NewTaipei,960,捷運新莊站,捷運新莊副都心站
NWT17790,NewTaipei,958,捷運先嗇宮站,捷運新北產業園區站
NWT17791,NewTaipei,959,捷運先嗇宮站,捷運新北產業園區站
NWT17802,NewTaipei,854,林口,醒吾科技大學
NWT17806,NewTaipei,899,捷運蘆洲站,捷運新北產業園區站
NWT17809,NewTaipei,F132經青山,二號倉庫,二坪頂
NWT17811,NewTaipei,林口-內湖科技園區,林口,內湖園區
NWT17812,NewTaipei,新店-汐止,新店,汐止
NWT17813,NewTaipei,泰山-內湖,泰山,內湖
NWT17814,NewTaipei,淡水-內湖科技園區,淡水,內湖科技園區
NWT17815,NewTaipei,淡水-國道1號-南港車站,淡水,南港車站
NWT17824,NewTaipei,886區,瑞芳,水湳洞
NWT17832,NewTaipei,水源區直潭里,下石厝路,新店捷運站
NWT17835,NewTaipei,林口-板橋,林口站,捷運府中站
NWT17836,NewTaipei,F933-0635,金山區公所,金山區公所
NWT17837,NewTaipei,F933-0920,臺大醫院金山分院,金山區公所
NWT17838,NewTaipei,894,淡海新市鎮,捷運淡水站
NWT17839,NewTaipei,F933-1030,金山區公所,臺大醫院金山分院
NWT17840,NewTaipei,F933-1130,臺大醫院金山分院,金山區公所
NWT17841,NewTaipei,F933-1330,金山區公所,臺大醫院金山分院
NWT17842,NewTaipei,F933-1430,臺大醫院金山分院,臺大醫院金山分院
NWT17843,NewTaipei,F933-1530,臺大醫院金山分院,金山區公所
NWT17845,NewTaipei,953區,金山,北科大
NWT17846,NewTaipei,鶯歌火車站-中正紀念堂,鶯歌火車站,中正紀念堂
NWT17847,NewTaipei,鶯歌火車站-松山機場,鶯歌火車站,松山機場
NWT17865,NewTaipei,789區,基隆火車站,北基新城
NWT17866,NewTaipei,林口(文化三路)-捷運圓山站,林口(文化三路),捷運圓山站
NWT17868,NewTaipei,638副,五股,捷運輔大站
NWT17871,NewTaipei,淡水新市鎮-板橋,淡水新市鎮,板橋
NWT17873,NewTaipei,新店高中-三峽,新店高中,三峽
NWT17889,NewTaipei,824,浮洲合宜住宅,新北板橋公車站
NWT17902,NewTaipei,瑞芳-松山車站(北客),瑞芳,松山車站
NWT17903,NewTaipei,瑞芳-松山車站(基客),瑞芳,松山車站
NWT17904,NewTaipei,瑞芳-內科(北客),瑞芳,內科
NWT17905,NewTaipei,三峽-內科,三峽,內科
NWT17910,NewTaipei,木柵-捷運新埔站(經埔墘),木柵,捷運新埔站
NWT17911,NewTaipei,瑞芳-內科(基客),瑞芳,內科
NWT17914,NewTaipei,F512副,烘爐地,光復國小
NWT17915,NewTaipei,汐止-台北101,汐止,台北101
NWT17916,NewTaipei,963,八里,板橋
NWT17917,NewTaipei,五股-內湖科技園區,五股,捷運港墘站(內湖高工)
NWT17918,NewTaipei,林口-臺北長庚醫院,醒吾科技大學,臺北長庚醫院
NWT17919,NewTaipei,捷運景安站-三峽臺北大學,捷運景安站,三峽臺北大學
NWT17922,NewTaipei,捷運蘆洲站-內湖科技園區,捷運蘆洲站,內湖科技園區
NWT17923,NewTaipei,819副,景福街,雙溪口
NWT17930,NewTaipei,新店北新路-政大一街,新店北新路,政大一街
NWT17931,NewTaipei,土城金城路-樹林大安路,變電所,樹人家商
NWT17937,NewTaipei,965,板橋,金瓜石
NWT17939,NewTaipei,捷運新店站-坪林,捷運新店站,坪林
NWT17940,NewTaipei,棕7建業路,新店站,臺北市政府
NWT17941,NewTaipei,湯泉-大坪林-湯泉,湯泉櫻花,湯泉櫻花
NWT17942,NewTaipei,939副,鶯歌,臺北市政府
NWT17945,NewTaipei,712,龍壽里,捷運亞東醫院站
NWT17948,NewTaipei,三峽-捷運府中站,三峽,捷運府中站
NWT17957,NewTaipei,藍海1線先導公車,漁人碼頭,輕軌淡水行政中心站
NWT17958,NewTaipei,藍海2線先導公車,淡海新市鎮,捷運淡水站
NWT17961,NewTaipei,樹林後火車站-海洋公園,樹林後火車站,海洋公園
NWT17962,NewTaipei,三峽-臺北市信義區,三峽,臺北市信義區
NWT17963,NewTaipei,中和-新北板橋公車站,中和,新北板橋公車站
NWT17966,NewTaipei,南港車站-水蓮山莊,南港車站,水蓮山莊
NWT17968,NewTaipei,蘆洲中正路-士林中正路,蘆洲總站,捷運士林站
NWT17970,NewTaipei,林口-捷運府中站,林口,捷運府中站
NWT17971,NewTaipei,837副,捷運淡水站,福德里
NWT17972,NewTaipei,837區,捷運淡水站,竹圍
NWT17975,NewTaipei,石門-捷運紅樹林站,石門,捷運紅樹林站
NWT17977,NewTaipei,台北小城-大坪林,台北小城,大坪林
NWT17990,NewTaipei,F319,蘆洲區公所,捷運三民高中站(復興路)
NWT17991,NewTaipei,F320,捷運三民高中站(復興路),鷺江國小(民族路)
NWT17992,NewTaipei,三重-內科,三重站,麗寶大樓
NWT17994,NewTaipei,萬里-內湖科技園區,萬里橋頭,基湖路口
NWT17996,NewTaipei,蘆洲-南港,捷運蘆洲站,捷運南港展覽館站
NWT18009,NewTaipei,淡水-南港行政中心(經州美快速道路),新市站,南港行政中心
NWT18014,NewTaipei,泰山-內湖(直達),泰山國小,捷運劍南路站(植福)
NWT18016,NewTaipei,板橋溪崑-林口長庚,指南客運樹林站,林口三井
NWT18017,NewTaipei,湯泉-崇光女中,湯泉美地,崇光女中
NWT18028,NewTaipei,蘆洲-內湖,蘆洲總站,港墘派出所
NWT18041,NewTaipei,576,新和國小,天山公園
NWT18042,NewTaipei,F724,坪林國中,厚德岡坑
NWT18052,NewTaipei,F922北基,萬里區公所,仁四街
NWT18054,NewTaipei,新店(綠中海)-捷運新店站,新店站,捷運新店站(新店路)
NWT18068,NewTaipei,F816,澳底醫療救護中心,三十一號橋
NWT18078,NewTaipei,湯泉-十四張-大坪林,湯泉,捷運十四張站
NWT18098,NewTaipei,788區,基隆火車站(仁祥診所),瑞芳火車站(區民廣場)
NWT18108,NewTaipei,F825,平溪,三十一號橋
NWT18118,NewTaipei,966,林口站,臺北車站(鄭州)
NWT18119,NewTaipei,967,體育大學行政教學大樓,市府轉運站
NWT18128,NewTaipei,967直,體育大學行政教學大樓,市府轉運站
NWT5413,NewTaipei,896,南港車站,烘內
NWT5415,NewTaipei,629,汐止,松山車站
NWT5416,NewTaipei,678,汐止,捷運市政府
TAO106,Taoyuan,106,桃園,南崁
TAO112,Taoyuan,112N,中壢,忠貞
TAO11892,Taoyuan,502,桃園,小烏來
TAO122,Taoyuan,122,中壢,鄉界
TAO123,Taoyuan,122A,中壢,萬能科技大學
TAO129,Taoyuan,129,桃園,大竹
TAO130,Taoyuan,130,桃園,榮民之家
TAO131,Taoyuan,131,中壢,富源
TAO133,Taoyuan,133,中壢,中央大學
TAO1371,Taoyuan,201,八德區公所(農會),水尾
TAO168,Taoyuan,168,桃園後火車站,內壢復興宮
TAO1681,Taoyuan,168A,桃園後火車站,內壢復興宮
TAO170,Taoyuan,170,中壢,高鐵桃園站
TAO188,Taoyuan,188,桃園後站,南平同安街口
TAO189,Taoyuan,189,桃園後站,經國轉運站
TAO2020,Taoyuan,202,工四工業區,體育大學
TAO208,Taoyuan,208,捷運高鐵桃園站,八德
TAO209,Taoyuan,209,同心一路,捷運山鼻站
TAO2091,Taoyuan,209A,同心一路,捷運山鼻站
TAO2092,Taoyuan,209B,同心一路,捷運山鼻站
TAO210,Taoyuan,210,過嶺,捷運高鐵桃園站
TAO2120,Taoyuan,212,大溪,龍潭
TAO2121,Taoyuan,212A,大溪,龍潭
TAO2131,Taoyuan,213A,桃花園飯店,長庚醫院
TAO215,Taoyuan,215,溪濱公園,啟英高中
TAO3010,Taoyuan,1,中壢,桃園
TAO3011,Taoyuan,1B,中壢,桃園
TAO302,Taoyuan,302,桃園,高鐵桃園站
TAO3020,Taoyuan,1A,中壢,桃園
TAO3021,Taoyuan,302A,,蘆竹區公所
TAO3030,Taoyuan,102,桃園,景雲新村
TAO3060,Taoyuan,103,桃園,華映公司
TAO3070,Taoyuan,307,蘆竹區公所,開南大學
TAO3072,Taoyuan,307A,蘆竹區公所,開南大學
TAO3080,Taoyuan,105,桃園,大有路
TAO3081,Taoyuan,105A,桃園,大有路
TAO3082,Taoyuan,105B,桃園,大有路
TAO3090,Taoyuan,125,桃園,三聖宮
TAO3110,Taoyuan,137,桃園,銘傳大學
TAO3120,Taoyuan,139,桃園巨蛋,中興龍安街口
TAO3136,Taoyuan,5014A,復興中正路口,山腳
TAO3160,Taoyuan,206,桃園,高鐵桃園站
TAO3161,Taoyuan,206A,桃園,高鐵桃園站
TAO3180,Taoyuan,113,桃園,幸福社區
TAO3191,Taoyuan,151,桃園,同安街
TAO3192,Taoyuan,152,桃園,同安街
TAO3200,Taoyuan,107,桃園,大湳
TAO3220,Taoyuan,132,中壢,中央大學
TAO3221,Taoyuan,172,中壢總站,高鐵桃園站
TAO3222,Taoyuan,132A,中壢,高鐵桃園站
TAO3260,Taoyuan,112S,中壢,陸軍專科學校
TAO3281,Taoyuan,156,中壢,內壢家樂福
TAO3282,Taoyuan,155,中壢,元智大學
TAO3283,Taoyuan,167,中壢,中壢
TAO3284,Taoyuan,167A,中壢,中壢
TAO3291,Taoyuan,116,中壢,自立新村
TAO3300,Taoyuan,169,中壢,榮民南仁慈路口
TAO3301,Taoyuan,169A,中壢,甲蟲公園
TAO3330,Taoyuan,171,中壢,捷運環北站
TAO3350,Taoyuan,120,捷運環北站,太子鎮
TAO3370,Taoyuan,118,中壢,中壢高中
TAO3380,Taoyuan,119,中壢,聯新國際醫院
TAO3400,Taoyuan,117,桃園,寶慶路口
TAO3401,Taoyuan,117A,桃園,寶慶路口
TAO3420,Taoyuan,101,桃園,果菜市場
TAO3440,Taoyuan,157,桃園,新興高中
TAO3450,Taoyuan,135,中壢,內壢高中
TAO3460,Taoyuan,109,桃園,新興高中
TAO3480,Taoyuan,111,中壢,南勢
TAO3510,Taoyuan,115B,中壢,平東路
TAO3520,Taoyuan,115A,中壢,平東路
TAO3550,Taoyuan,301,桃園巨蛋,楊梅火車站
TAO3551,Taoyuan,301A,壽山高中,楊梅火車站
TAO3610,Taoyuan,316,蘆竹區公所,林口長庚
TAO36410,Taoyuan,L601,新屋區公所,富岡火車站
TAO36420,Taoyuan,L603,富岡火車站,蚵間里福興宮
TAO36421,Taoyuan,L603A,富岡火車站,蚵間里福興宮
TAO36430,Taoyuan,L602,富岡火車站,蚵間里福興宮
TAO36431,Taoyuan,L602A,富岡火車站,蚵間里福興宮
TAO36440,Taoyuan,L605,新屋區公所,高鐵桃園站
TAO36441,Taoyuan,L605A,新屋區公所,林口長庚醫院
TAO36460,Taoyuan,L617,新榮路82巷口,蚵間里福興宮
TAO36510,Taoyuan,L716,,龍潭科學園區
TAO36520,Taoyuan,L717,,水仙社區
TAO36530,Taoyuan,L718,,水仙社區
TAO36550,Taoyuan,L720,,北水局
TAO3810,Taoyuan,318,蘆竹區公所,林口長庚醫院
TAO43290,Taoyuan,L329,,龜山區公所
TAO5000,Taoyuan,5000,桃客總站,至善高中
TAO5006,Taoyuan,5006,中壢車站,高山下
TAO5008,Taoyuan,5008,桃客總站,中壢車站
TAO5009,Taoyuan,5009,桃花園飯店,捷運新莊站(新莊郵局)
TAO501,Taoyuan,501,高鐵桃園站,慈湖
TAO5010,Taoyuan,5010,桃客總站,中壢車站
TAO5011,Taoyuan,5011,桃客總站,中壢車站
TAO5014,Taoyuan,5014,復興中正路口,捷運山鼻站
TAO5015,Taoyuan,5015,復興中正路口,大園車站
TAO5016,Taoyuan,5016,復興北站,竹圍站
TAO5017,Taoyuan,5017,中壢車站,竹圍站
TAO5018,Taoyuan,5018,桃花園飯店,水尾
TAO5019,Taoyuan,5019,桃花園飯店,沙崙
TAO5020,Taoyuan,5020,復興北站,下福
TAO5021,Taoyuan,5021,復興北站,下海湖
TAO5022,Taoyuan,5022,復興中正路口,竹圍站
TAO50221,Taoyuan,5022A,復興北站,竹圍站
TAO5023,Taoyuan,5023,復興中正路口,大園車站
TAO5025,Taoyuan,5025,中壢總站,新屋站
TAO5026,Taoyuan,5026,中壢車站,觀音高中
TAO5027,Taoyuan,5027,中壢車站,後湖
TAO50271,Taoyuan,5027A,中壢車站,後湖
TAO5028,Taoyuan,5028,新屋站,下北湖
TAO503,Taoyuan,503,中壢,石門水庫
TAO5030,Taoyuan,5030,中壢車站,下北湖
TAO5031,Taoyuan,5031,中壢車站,蚵間村福興宮
TAO5032,Taoyuan,5032,中壢車站,觀音站
TAO5033,Taoyuan,5033,中壢車站,觀音站
TAO5035,Taoyuan,5035,中壢車站,新屋站
TAO5038,Taoyuan,5038,中壢總站,東福園
TAO5039,Taoyuan,5039,中壢總站,中壢總站
TAO5040,Taoyuan,5040,桃花園飯店,觀音站
TAO50401,Taoyuan,5040A,桃花園飯店,觀音站
TAO5041,Taoyuan,5041,中壢總站,觀音站
TAO5042,Taoyuan,5042,中壢總站,觀音站
TAO5043,Taoyuan,5043,中壢總站,臺玻
TAO50431,Taoyuan,5043A,中壢總站,觀音站
TAO5044,Taoyuan,5044,桃客總站,龍潭站
TAO5048,Taoyuan,5048,龍潭新站,溪洲公園
TAO5049,Taoyuan,5049,龍潭站,澹園
TAO505,Taoyuan,505,桃客中壢總站,桃客觀音站
TAO5050,Taoyuan,5050,中壢公車站,溪洲公園
TAO5051,Taoyuan,5051,龍潭站,天堂鳥社區
TAO5053,Taoyuan,5053,桃客總站,龍潭站
TAO50531,Taoyuan,5053A,桃客總站,龍潭站
TAO5055,Taoyuan,5055,中壢公車站,溪洲公園
TAO5056,Taoyuan,5056,桃客總站,溪洲公園
TAO5057,Taoyuan,5057,桃園,長庚醫院
TAO50571,Taoyuan,5057A,桃園,長庚醫院
TAO50572,Taoyuan,5057B,桃園,長庚醫院
TAO50573,Taoyuan,5057C,桃園,長庚醫院
TAO5059,Taoyuan,5059,今日飯店,第一航廈
TAO5060,Taoyuan,5060,桃客總站,榮民之家
TAO5061,Taoyuan,5061,桃花園飯店,建國十九村
TAO5063,Taoyuan,5063,桃園遠東百貨,醒吾科技大學
TAO5065,Taoyuan,5065,桃客總站,體育大學行政教學大樓
TAO5068,Taoyuan,5068,桃客總站,福山宮
TAO5069,Taoyuan,5069,復興北站,醒吾科技大學
TAO5071,Taoyuan,5071,復興北站,醒吾科技大學
TAO5073,Taoyuan,5073,復興北站,頂社
TAO5077,Taoyuan,5077,中壢總站,捷運大園站
TAO5078,Taoyuan,5078,中壢車站,陳康國小
TAO5081,Taoyuan,5081,中壢車站,大園車站
TAO5082,Taoyuan,5082,中壢總站,大園車站
TAO5083,Taoyuan,5083,捷運大園站,潮音
TAO5084,Taoyuan,5084,捷運大園站,苗圃橋
TAO5085,Taoyuan,5085,大園車站,沙崙
TAO5086,Taoyuan,5086,大園車站,桃花園飯店
TAO50861,Taoyuan,5086A,大園車站,桃花園飯店
TAO5087,Taoyuan,5087,中壢車站,大園車站
TAO50871,Taoyuan,5087A,中壢車站,大園車站
TAO5089,Taoyuan,5089,中壢車站,第二航廈
TAO5090,Taoyuan,5090,桃客總站,拉拉山口
TAO5091,Taoyuan,5091,中壢後站,林班口
TAO5093,Taoyuan,5093,大溪總站,巴陵
TAO5094,Taoyuan,5094,大溪總站,巴陵
TAO5096,Taoyuan,5096,桃客總站,大溪總站
TAO50961,Taoyuan,5096A,桃客總站,大溪總站
TAO5097,Taoyuan,5097,大溪總站,竹篙厝
TAO5098,Taoyuan,5098,中壢後站,大溪總站
TAO5099,Taoyuan,5099,大溪總站,百吉國小
TAO50991,Taoyuan,5099A,,百吉國小
TAO5101,Taoyuan,5101,大溪總站,鶯歌
TAO5104,Taoyuan,5104,大溪總站,復興站
TAO51041,Taoyuan,5104A,大溪總站,小烏來
TAO5105,Taoyuan,5105,大溪總站,小烏來
TAO5106,Taoyuan,5106,大溪總站,霞雲村
TAO51061,Taoyuan,5106A,,大溪總站
TAO51062,Taoyuan,5106B,,大溪總站
TAO5107,Taoyuan,5107,大溪總站,蝙蝠洞
TAO51071,Taoyuan,5107A,,大溪總站
TAO51072,Taoyuan,5107B,,蝙蝠洞
TAO51073,Taoyuan,5107C,,蝙蝠洞
TAO5109,Taoyuan,5109,大溪總站,李屋
TAO51091,Taoyuan,5109A,,上高遶
TAO5110,Taoyuan,5110,大溪總站,坪林
TAO51101,Taoyuan,5110A,大溪總站,坪林
TAO5112,Taoyuan,5112,大溪總站,中壢車站
TAO51130,Taoyuan,L113,,深耕十期社區
TAO51150,Taoyuan,L115,,深耕十期社區
TAO51160,Taoyuan,L116,,深耕十期社區
TAO51170,Taoyuan,L117,,深耕十期社區
TAO5118,Taoyuan,5118,中壢車站,下內定
TAO51180,Taoyuan,L118,,深耕十期社區
TAO51190,Taoyuan,L119,,深耕十期社區
TAO51200,Taoyuan,L120,,深耕十期社區
TAO51210,Taoyuan,L121,,深耕十期社區
TAO5301,Taoyuan,5301,桃園站,拉拉山口
TAO53020,Taoyuan,L302,蘆竹區公所(左線),蘆竹區公所(右線)
TAO53021,Taoyuan,L302A,戶政地政衛生所(左線),戶政地政衛生所(右線)
TAO53022,Taoyuan,L302B,捷運山鼻站(左線),捷運山鼻站(右線)
TAO53030,Taoyuan,L303,蘆竹區公所(左線),蘆竹區公所(右線)
TAO53050,Taoyuan,L305,,蘆竹區公所
TAO53060,Taoyuan,L306A,蘆竹區公所,大竹
TAO53061,Taoyuan,L306B,蘆竹區公所,大竹
TAO53090,Taoyuan,L309,,蘆竹區公所
TAO53091,Taoyuan,L309A,,蘆竹區公所
TAO53092,Taoyuan,L309B,,蘆竹區公所
TAO53093,Taoyuan,L309C,蘆竹區公所,蘆竹區公所
TAO53100,Taoyuan,L310,,龜山分局
TAO53110,Taoyuan,L311,,龜山國小
TAO53170,Taoyuan,L317,,龜山區公所
TAO53171,Taoyuan,L317A,,龜山區公所
TAO53180,Taoyuan,L318,,龜山區公所
TAO53190,Taoyuan,L319,,龜山區公所
TAO53191,Taoyuan,L319A,,龜山區公所
TAO53220,Taoyuan,L322,,龜山國小
TAO53230,Taoyuan,L323,,龜山區公所
TAO53250,Taoyuan,L325,,龜山國小
TAO53260,Taoyuan,L326,,林口長庚醫院
TAO53270,Taoyuan,L327,,長庚國小
TAO53300,Taoyuan,L330,長榮南山路口,南美國小
TAO53311,Taoyuan,L331A,,錦興國小
TAO53312,Taoyuan,L331B,,光明國中
TAO53313,Taoyuan,L331C,,光明國中
TAO53314,Taoyuan,L331D,,長榮空廚
TAO55010,Taoyuan,L501,紅土厝(和平里),長庚桃園分院
TAO55020,Taoyuan,L502,大皇冠社區,長庚桃園分院
TAO55060,Taoyuan,L506,大園區公所,捷運橫山站
TAO55070,Taoyuan,L507,竹圍國小,大園區公所
TAO55080,Taoyuan,L508,捷運大園站,富文宮
TAO55120,Taoyuan,L512,埔頂,林口長庚醫院
TAO55130,Taoyuan,L513,白玉,高鐵桃園站
TAO55150,Taoyuan,L515,富林社區,長庚桃園分院
TAO55160,Taoyuan,L516,觀音區公所,草漯國中
TAO55161,Taoyuan,L516A,桃客觀音站,高鐵桃園站
TAO55162,Taoyuan,L516B,觀音行政園區,草漯國中
TAO55170,Taoyuan,L517,桃客觀音站,新坡農會
TAO55180,Taoyuan,L518,成功社區,大園區公所
TAO5607,Taoyuan,5607,湖口站,楊梅站
TAO5616,Taoyuan,5616,龍潭,中壢北站
TAO5617,Taoyuan,5617,關西,中壢
TAO56171,Taoyuan,5617A,關西,中壢
TAO5623,Taoyuan,5623,楊梅,捷運環北站
TAO56231,Taoyuan,5623A,楊梅,捷運環北站
TAO5624,Taoyuan,5624,中壢,湖口站
TAO5644,Taoyuan,5644,中壢北站,祥安國小
TAO5645,Taoyuan,5645,中壢總站,黃泥塘
TAO5646,Taoyuan,5646,中壢總站,隘寮頂
TAO56461,Taoyuan,5646A,中壢,隘寮頂
TAO5647,Taoyuan,5647,龍潭,埔心
TAO5648,Taoyuan,5648,龍潭,楊梅站
TAO5649,Taoyuan,5649,龍潭,新屋站
TAO5650,Taoyuan,5650,新屋站,楊梅站
TAO56501,Taoyuan,5650A,新屋站,楊梅站
TAO5651,Taoyuan,5651,中壢總站,高榮
TAO56511,Taoyuan,5651A,中壢總站,高榮
TAO5652,Taoyuan,5652,楊梅站,梅園
TAO5653,Taoyuan,5653,中壢北站,六福村
TAO5654,Taoyuan,5654,中壢總站,新屋站
TAO5671,Taoyuan,5671,中壢北站,門診中心
TAO5672,Taoyuan,5672,中壢總站,門診中心
TAO5674,Taoyuan,5674,中壢總站,金雞湖
TAO57010,Taoyuan,L701,,桃客大溪站
TAO57011,Taoyuan,L701A,,桃客大溪站
TAO57050,Taoyuan,L705,,桃客大溪站
TAO57060,Taoyuan,L706,,大溪區公所
TAO57120,Taoyuan,L712,,桃客大溪站
TAO57210,Taoyuan,L721,,龍潭區公所
TAO57220,Taoyuan,L722,,龍潭區公所
TAO57230,Taoyuan,L723,,龍潭區公所
TAO57250,Taoyuan,L725,,龍潭區公所
TAO57270,Taoyuan,L727,,法蘭朵社區
TAO57280,Taoyuan,L728,,法蘭朵社區
TAO58010,Taoyuan,L801,復興,市界
TAO58011,Taoyuan,L801A,復興,市界
TAO58020,Taoyuan,L802,下巴陵,復興
TAO58021,Taoyuan,L802A,下巴陵,復興
TAO58030,Taoyuan,L803,復興,佳志
TAO58031,Taoyuan,L803A,復興,佳志
TAO58050,Taoyuan,L805,復興,義興
TAO58051,Taoyuan,L805A,復興,義興
TAO58060,Taoyuan,L806,復興,蝙蝠洞口
TAO58070,Taoyuan,L807,大溪區公所,東眼山
TAO602,Taoyuan,BR,桃園,捷運迴龍站
TAO6020,Taoyuan,602,捷運泰山貴和站,民光東路
TAO6030,Taoyuan,603,長庚大學,捷運丹鳳站
TAO606,Taoyuan,601,內壢,捷運迴龍站
TAO607,Taoyuan,GR,桃園後站,捷運坑口站
TAO6070,Taoyuan,GR2,桃園總站,八德區公所
TAO6500,Taoyuan,L201,,中壢區公所
TAO6510,Taoyuan,L202,,中壢區公所
TAO6520,Taoyuan,L203,,龍文街口
TAO6521,Taoyuan,L203A,,龍文街口
TAO6530,Taoyuan,L205,,龍文街口
TAO6531,Taoyuan,L205A,,龍文街口
TAO6540,Taoyuan,L206,,中壢區公所
TAO6541,Taoyuan,L206A,,中壢區公所
TAO6550,Taoyuan,L207,,中壢區公所
TAO6551,Taoyuan,L207A,,中壢區公所
TAO6560,Taoyuan,L208,,中壢區公所
TAO6580,Taoyuan,L209,,中壢區公所
TAO6581,Taoyuan,L209A,,中壢區公所
TAO6710,Taoyuan,L211,,平鎮區公所
TAO6720,Taoyuan,L210,,平鎮區公所
TAO6730,Taoyuan,L213,,平鎮區公所
TAO6740,Taoyuan,L212,,平鎮區公所
TAO6750,Taoyuan,L216,,平鎮區公所
TAO6760,Taoyuan,L215,,平鎮區公所
TAO6770,Taoyuan,L217,,平鎮區公所
TAO6780,Taoyuan,L218,,平鎮區公所
TAO6910,Taoyuan,L112,桃園市政府,桃園火車站
TAO7010,Taoyuan,701,國軍桃園總醫院,林口長庚醫院
TAO7020,Taoyuan,702,桃客大溪站,林口長庚醫院
TAO703,Taoyuan,703,竹圍,中壢
TAO706,Taoyuan,706,桃園火車站,桃園國際機場
TAO7061,Taoyuan,706A,桃園火車站,桃園國際機場
TAO7062,Taoyuan,706B,,桃園火車站
TAO7071,Taoyuan,707A,桃園,桃園棒球場
TAO708,Taoyuan,708,林口,南崁
TAO7081,Taoyuan,708A,林口,南崁
TAO709,Taoyuan,709,平鎮分局,捷運永寧站
TAO7091,Taoyuan,709A,龍潭,捷運永寧站
TAO710,Taoyuan,710,大溪,捷運永寧站
TAO7102,Taoyuan,710B,內柵,捷運永寧站
TAO711,Taoyuan,711,中壢,林口長庚醫院
TAO712,Taoyuan,712,龍潭,捷運永寧站
TAO713,Taoyuan,713,建德興豐路口(G01),捷運永寧站
TAO715,Taoyuan,715,豐德中正路口,捷運永寧站
TAO7151,Taoyuan,715A,溪濱公園,捷運永寧站
TAO716,Taoyuan,716,大湳,捷運永寧站
TAO717,Taoyuan,717,龍岡圓環,捷運永寧站
TAO8000,Taoyuan,L103,,桃園區公所
TAO8001,Taoyuan,L103A,,桃園區公所
TAO8010,Taoyuan,L105,,桃園區公所
TAO8011,Taoyuan,L105A,,桃園區公所
TAO8020,Taoyuan,L101,,桃園區公所
TAO8021,Taoyuan,L101A,,桃園區公所
TAO8022,Taoyuan,L101B,,桃園區公所
TAO8030,Taoyuan,L102,,桃園區公所
TAO8031,Taoyuan,L102A,,桃園區公所
TAO8040,Taoyuan,L111,桃園區公所,桃園區公所
TAO8050,Taoyuan,L110,桃園區公所,桃園區公所
TAO8060,Taoyuan,L107A,,桃園區公所
TAO8070,Taoyuan,L107,,桃園區公所
TAO8080,Taoyuan,L106A,,桃園區公所
TAO8081,Taoyuan,L106B,,桃園區公所
TAO8082,Taoyuan,L106C,,桃園區公所
TAO8090,Taoyuan,L106,,桃園區公所
TAO8100,Taoyuan,L109,,文化局
TAO8110,Taoyuan,L108A,,文化局
TAO8120,Taoyuan,L108,,文化局
TAO8130,Taoyuan,L108B,,文化局
TAO821,Taoyuan,L610,楊梅行政園區,光裕北街
TAO822,Taoyuan,L608,老莊路739巷,大造加油站
TAO823,Taoyuan,L607,職訓中心,過嶺加油站
TAO824,Taoyuan,L609,藝術社區,高獅里834巷
TAO825,Taoyuan,L611,瑞原國小,瑞原國小
TAO826,Taoyuan,L612,,富岡火車站
TAO827,Taoyuan,L613,,楊梅後車站
TAO828,Taoyuan,L615,八方園餐廳,楊梅後站
TAO829,Taoyuan,L616,雅典社區,埔心後火車站
TAO830,Taoyuan,L610A,楊梅行政園區,光裕北街
TAO831,Taoyuan,L613A,,楊梅後車站
TXG1,Taichung,1,臺中刑務所演武場,中臺科技大學校區
TXG101,Taichung,101,敦化后庄七街口,彰化車站
TXG102,Taichung,102,干城站,沙鹿
TXG105,Taichung,105,四張犁,龍井
TXG107,Taichung,107,黎明新村,舊正
TXG1071,Taichung,107延,黎明新村,舊正社區停車場
TXG108,Taichung,108,港尾,南開科技大學校區
TXG1081,Taichung,108區,霧峰農工,南開科技大學校區
TXG109,Taichung,9區,大雅,三田國小
TXG11,Taichung,11,臺中車站-右環,臺中車站-左環
TXG111,Taichung,111,清水車站,梧棲觀光漁港
TXG1151,Taichung,151A,朝陽科技大學,臺中市議會
TXG12,Taichung,12,明德高中(明德街),豐原鎮清宮
TXG123,Taichung,123,臺中慈濟醫院,梧棲觀光漁港
TXG127,Taichung,127,豐樂雕塑公園,臺中洲際棒球場
TXG1271,Taichung,127延,大慶車站,臺中洲際棒球場
TXG128,Taichung,128,大雅,清水
TXG129,Taichung,128區,大雅,梧棲
TXG131,Taichung,131,北屯區行政大樓,朝陽科技大學
TXG132,Taichung,132,北屯區行政大樓,朝陽科技大學
TXG133,Taichung,133,高鐵臺中站,朝陽科技大學
TXG14,Taichung,14,干城站,舊庄
TXG141,Taichung,14副,干城站,神岡區公所
TXG1411,Taichung,14副2,干城站,大圳厚生路口
TXG142,Taichung,142,干城站,豐年社區
TXG144,Taichung,14延,干城站,南清宮
TXG15,Taichung,15,臺中刑務所演武場,國軍臺中總醫院
TXG151,Taichung,151,臺中市議會,朝陽科技大學
TXG152,Taichung,152,臺中市議會,陽明大樓
TXG153,Taichung,153,高鐵臺中站,谷關
TXG154,Taichung,154,臺中女中,大甲區公所
TXG1541,Taichung,154延,臺中女中,頂店
TXG155,Taichung,155,高鐵臺中站,麗寶樂園
TXG1551,Taichung,155副,高鐵臺中站,麗寶樂園
TXG156,Taichung,156,臺中國際機場,高鐵臺中站
TXG157,Taichung,157,文心森林公園,大甲區公所
TXG158,Taichung,158,高鐵臺中站,朝陽科技大學
TXG159,Taichung,159,高鐵臺中站,臺中公園
TXG160,Taichung,160,高鐵臺中站,文修停車場
TXG161,Taichung,161,高鐵臺中站,中科管理局
TXG162,Taichung,162,靜宜大學希嘉學苑,嘉陽高中
TXG163,Taichung,163,華盛頓中學,第一廣場
TXG164,Taichung,164,清水國中,楊厝里
TXG165,Taichung,165,清水國中,舊庄
TXG17,Taichung,17,草湖,霧峰復興八街
TXG170,Taichung,170,大甲體育場,梧棲
TXG171,Taichung,171,大甲,大安港
TXG172,Taichung,172,大甲,福住里
TXG178,Taichung,178,清水車站,高美濕地
TXG179,Taichung,179,清水車站,高美濕地
TXG18,Taichung,18,朝馬轉運站,大智公園
TXG180,Taichung,180,沙鹿,彰化
TXG181,Taichung,181,苑裡站,大甲區公所
TXG1811,Taichung,181區1,苑裡站,日南國中
TXG1812,Taichung,181區2,苑裡站,日南國中
TXG182,Taichung,182,豐原,清水(經新庄)
TXG183,Taichung,183,豐原,臺中港郵局(經新庄)
TXG185,Taichung,185,豐原,清水(經東山)
TXG186,Taichung,186,豐原,臺中港郵局(經東山)
TXG19,Taichung,19,慈濟醫院,國立臺灣美術館
TXG20,Taichung,20,干城站,潭子車站
TXG200,Taichung,200,霧峰農會,臺中女中
TXG2001,Taichung,200延,亞大醫院,臺中女中
TXG201,Taichung,201,柳豐路(亞大醫院),新民高中(健行路)
TXG202,Taichung,202,豐富公園(經樹德路、慈濟),豐原(經樹德路、慈濟)
TXG203,Taichung,203,豐富公園(經新田、慈濟),豐原(經新田、慈濟)
TXG206,Taichung,206,豐原,東勢高工
TXG207,Taichung,207,豐原,谷關
TXG208,Taichung,208,豐原,卓蘭
TXG209,Taichung,209,豐原,東勢林場
TXG21,Taichung,21,臺中刑務所演武場,貴城山莊
TXG210,Taichung,210,大甲車站,土城
TXG211,Taichung,211,豐原,大甲體育場
TXG212,Taichung,212,豐原,大甲體育場(水美)
TXG213,Taichung,213,豐原,大甲體育場
TXG214,Taichung,214,后里馬場,大甲車站
TXG215,Taichung,215,豐原,大甲體育場(經麗寶樂園)
TXG216,Taichung,216,大甲,南埔
TXG218,Taichung,218,豐原,神岡區公所
TXG219,Taichung,219,石岡國小,上龍興里
TXG220,Taichung,220,豐原,臺中榮總
TXG223,Taichung,223,豐原,公老坪頂
TXG226,Taichung,226,中科后里辦公室,太平里
TXG2261,Taichung,226延,中社,太平里
TXG227,Taichung,227,豐原,東陽里
TXG228,Taichung,228,大鵬國小,豐原東站
TXG229,Taichung,229,豐原,朝馬
TXG23,Taichung,23,中清同榮路口,市立大里高中
TXG232,Taichung,232,豐原,東山
TXG235,Taichung,235,文化中心-南環,文化中心-北環
TXG237,Taichung,237,豐原,大肚車站
TXG238,Taichung,238,豐原,臺中港郵局(經沙鹿)
TXG239,Taichung,239,豐原,梧棲站
TXG242,Taichung,242,五權車站,一江橋
TXG243,Taichung,243,東山高中(景賢六路),亞洲大學安藤館
TXG246,Taichung,246,秀泰影城,國軍臺中總醫院
TXG248,Taichung,248,新烏日車站,修平科技大學
TXG25,Taichung,25,忠信國小(柳川西路),僑光科技大學
TXG250,Taichung,250,東勢,中坑坪
TXG251,Taichung,251,東勢,橫流溪
TXG252,Taichung,252,東勢,大雪山森林遊樂區
TXG253,Taichung,253,東勢,士林村
TXG258,Taichung,258,東勢,卓蘭
TXG26,Taichung,26,新民高中,嶺東科技大學
TXG260,Taichung,260,東勢,水尾
TXG261,Taichung,261,東勢,明正里
TXG263,Taichung,263,東勢,崑山
TXG264,Taichung,264,東勢,新五村
TXG265,Taichung,265,東勢,新五村
TXG266,Taichung,266,東勢,谷關
TXG267,Taichung,267,東勢,上台電
TXG269,Taichung,269,谷關,八仙山森林遊樂區
TXG27,Taichung,27,臺中車站(民族路口),嶺東三站
TXG270,Taichung,270,豐富公園,東勢
TXG271,Taichung,271,豐富公園,東勢
TXG272,Taichung,272,東勢,茄苳寮
TXG273,Taichung,273,新五村,茄苳寮
TXG275,Taichung,275,東勢,中和
TXG276,Taichung,276,豐富公園,東勢
TXG277,Taichung,277,豐富公園,東勢
TXG278,Taichung,278,東勢,水井
TXG279,Taichung,279,新社,水井
TXG28,Taichung,28,四張犁圖書館,坪頂
TXG280,Taichung,280,臺中二中,修平科技大學
TXG281,Taichung,281,新建國市場,霧峰農工
TXG282,Taichung,282,亞洲大學安藤館,桐林
TXG2821,Taichung,282副,亞洲大學安藤館,桐林
TXG283,Taichung,283,省議會, 大里仁愛醫院
TXG284,Taichung,284,臺中車站,修平科技大學
TXG285,Taichung,285,新建國市場,銀聯一村
TXG2851,Taichung,285副,新建國市場,竹仔坑
TXG286,Taichung,286,臺中二中,崁頂
TXG287,Taichung,287,國軍臺中總醫院,茅埔
TXG288,Taichung,288,臺中二中,茅埔
TXG289,Taichung,289,臺中二中,東平社區
TXG29,Taichung,29,臺中監獄,第一廣場
TXG290,Taichung,290,干城站 ,童綜合醫院(梧棲院區)
TXG2901,Taichung,290繞,干城站,童綜合醫院(梧棲院區)
TXG291,Taichung,291,山多綠社區,環保公園
TXG3,Taichung,3,東山高中,高鐵臺中站
TXG30,Taichung,30,中台新村,干城站
TXG300,Taichung,300,靜宜大學,臺中車站
TXG301,Taichung,301,靜宜大學,新民高中
TXG302,Taichung,302,臺中國際機場,臺中公園
TXG303,Taichung,303,港區藝術中心,新民高中
TXG304,Taichung,304,港區藝術中心,新民高中
TXG305,Taichung,305,大甲,臺中車站
TXG306,Taichung,306,清水,臺中車站(經梧棲)
TXG307,Taichung,307,梧棲觀光漁港,新民高中
TXG308,Taichung,308,關連工業區,新民高中
TXG309,Taichung,309,高美濕地,臺中車站
TXG310,Taichung,310,臺中港旅客服務中心,臺中車站
TXG32,Taichung,32,大鵬新城,旱溪東東英五街口
TXG323,Taichung,323,臺中區監理所(遊園路),臺中車站(民族路口)
TXG3231,Taichung,323區,東海別墅,臺中車站(民族路口)
TXG324,Taichung,324,臺中都會公園,新民高中
TXG325,Taichung,325,大肚車站,臺中車站
TXG326,Taichung,326,靜宜大學,新民高中
TXG33,Taichung,33,僑光科技大學,高鐵臺中站
TXG35,Taichung,35,南區公所,僑光科技大學
TXG3510,Taichung,351,統聯轉運站,臺中工業區
TXG352,Taichung,352,大肚,中科管理局
TXG3521,Taichung,352延,大肚,中科實驗高中(平和路)
TXG353,Taichung,353,天母櫻城,沙鹿
TXG3541,Taichung,354,東海路思義教堂,文修停車場
TXG355,Taichung,355,臺中區監理所(遊園路),西苑高中
TXG356,Taichung,356,國安社區(宜寧中學),大慶車站
TXG357,Taichung,357,臺中榮總,中台新村
TXG358,Taichung,358,仁友停車場,文修停車場
TXG359,Taichung,359,東海別墅,文心森林公園
TXG37,Taichung,37,橫山,高鐵臺中站
TXG39,Taichung,39,高鐵臺中站,立新國小
TXG40,Taichung,40,干城站,中台新村
TXG41,Taichung,41,公共資訊圖書館,修平科技大學
TXG410,Taichung,310區1,臺中港旅客服務中心,臺中車站
TXG411,Taichung,310區2,靜宜大學,臺中車站
TXG45,Taichung,45,中科管理局,干城站
TXG450,Taichung,866區2,梨山,武陵農場
TXG451,Taichung,45延,中科實驗高中(平和路),干城站
TXG453,Taichung,866區1,福壽山農場,梨山
TXG459,Taichung,45區,中科管理局,第一廣場
TXG460,Taichung,45延1,中科實驗高中(平和路),干城站
TXG465,Taichung,65延,南區公所,潭雅神綠園道
TXG467,Taichung,65繞,南區公所,潭雅神綠園道
TXG48,Taichung,48,興大附農,嶺東科技大學
TXG481,Taichung,48區,興大附農,中港澄清醫院
TXG49,Taichung,49,老虎城,協和國小分校
TXG5,Taichung,5,臺中車站(民族路口),僑光科技大學
TXG50,Taichung,50,文英兒童公園,921地震教育園區
TXG500,Taichung,500,忠義里(中科實驗高中),臺中車站
TXG51,Taichung,51,莒光新城,大坑9號步道
TXG52,Taichung,52,中興大學-左環,中興大學-右環
TXG53,Taichung,53,太原車站,省議會
TXG531,Taichung,53區,文心市政路口,省議會
TXG54,Taichung,54,下港尾,烏日停車場
TXG55,Taichung,55,地方法院,豐原
TXG56,Taichung,56,干城站,新烏日車站
TXG58,Taichung,58,大慶活動中心,潭子勝利運動公園
TXG581,Taichung,58區1,大慶活動中心,北屯區行政大樓
TXG582,Taichung,58區2,明德高中,潭子勝利運動公園
TXG583,Taichung,58副,大慶活動中心,潭子勝利運動公園
TXG59,Taichung,59,捷運松竹站,舊正
TXG5901,Taichung,59延,捷運松竹站,舊正社區停車場
TXG592,Taichung,91繞,舊庄,中興嶺停車場
TXG6,Taichung,6,干城站,忠義里
TXG60,Taichung,60,大智公園(立德東街),坪頂
TXG61,Taichung,61,太平,大雅
TXG611,Taichung,211區,泰安,新政大安港路口
TXG616,Taichung,616,臺中港郵局,大甲銅安厝
TXG63,Taichung,63,豐原,臺中榮總
TXG65,Taichung,65,南區公所,潭雅神綠園道
TXG653,Taichung,153副,新市政中心,谷關
TXG655,Taichung,655,梧棲觀光漁港,嶺東科技大學
TXG657,Taichung,657,大甲高工,建興
TXG658,Taichung,658,大安濱海樂園,惠文高中(惠文路)
TXG6581,Taichung,658延,海墘國小,惠文高中
TXG659,Taichung,659,幼獅工業區服務中心,臺中榮總(臺灣大道)
TXG66,Taichung,66,慈濟醫院-右環,天星大飯店-左環
TXG661,Taichung,661,致用高中-右環,致用高中-左環
TXG662,Taichung,662,大甲高中(水源路),苑裡站
TXG668,Taichung,668,日南車站,大甲區公所
TXG67,Taichung,67,秀泰影城,東海街口
TXG671,Taichung,67繞,秀泰影城,東海街口
TXG672,Taichung,272繞,東勢,茄苳寮
TXG675,Taichung,677區,二號橋,沙鹿
TXG677,Taichung,677,巨業沙鹿站-左環,巨業沙鹿站-右環
TXG681,Taichung,68,坪頂,中臺科技大學
TXG682,Taichung,68繞,坪頂,中臺科技大學
TXG688,Taichung,688,清水車站,臺中港旅客服務中心
TXG69,Taichung,69,龍潭里,臺中國際機場
TXG691,Taichung,69繞,龍潭里,臺中國際機場
TXG699,Taichung,699,大甲體育場,南埔
TXG7,Taichung,7,臺中一中,永成公園(永富街)
TXG70,Taichung,70,嶺東科技大學,第一廣場
TXG700,Taichung,700,明德高中(明德街),豐原高中
TXG701,Taichung,701,豐原東站,新建國市場
TXG71,Taichung,71,臺中洲際棒球場,植物園(西屯路)
TXG72,Taichung,72,仁友停車場,慈濟醫院
TXG73,Taichung,73,統聯轉運站,文英兒童公園
TXG74,Taichung,74,太平,嶺東科技大學
TXG75,Taichung,75,臺中榮總,一江橋
TXG751,Taichung,75區1,臺中女中,一江橋
TXG77,Taichung,77,中科管理局,臺中慈濟醫院
TXG79,Taichung,79,中科管理局,大慶車站
TXG8,Taichung,8,臺中刑務所演武場,逢甲大學(逢甲路)
TXG800,Taichung,800,捷運北屯總站,仁友停車場
TXG81,Taichung,81,統聯轉運站,太平
TXG811,Taichung,811,豐原東站,大甲體育場
TXG812,Taichung,812,豐原東站 ,后里東站
TXG813,Taichung,813,后里車站,文武公園
TXG82,Taichung,82,水湳,高鐵臺中站
TXG821,Taichung,821,東勢,和平衛生所
TXG83,Taichung,83,捷運文心森林公園站,仁友停車場
TXG839,Taichung,839,泰安車站,國立苑裡高中
TXG85,Taichung,85,新光里(新福路),一江橋
TXG850,Taichung,850,臺中車站,谷關
TXG853,Taichung,153區,高鐵臺中站,東勢高工
TXG865,Taichung,865,谷關,梨山
TXG866,Taichung,866,天池達觀亭,武陵農場
TXG8663,Taichung,866區3,天池達觀亭,福壽山農場
TXG89,Taichung,89,嶺東科技大學,東門橋
TXG899,Taichung,199,龍井竹坑口,文修停車場
TXG8991,Taichung,199延,龍津高中,文修停車場
TXG9,Taichung,9,公共資訊圖書館(建成路),清水
TXG90,Taichung,90,豐原,東勢高工
TXG900,Taichung,900,光明國中 ,豐原高中
TXG901,Taichung,901,豐原,明德高中
TXG904,Taichung,305W,臺中車站,大甲
TXG905,Taichung,305E,大甲,臺中車站
TXG906,Taichung,306W,臺中車站,清水
TXG908,Taichung,306E,清水,臺中車站(經梧棲)
TXG909,Taichung,151區,高鐵臺中站,朝陽科技大學
TXG91,Taichung,91,舊庄,中興嶺停車場
TXG910,Taichung,901副,豐原,明德高中
TXG911,Taichung,91延,臺中國際機場,中興嶺停車場
TXG912,Taichung,21延1,臺中刑務所演武場,民德橋
TXG913,Taichung,21延2,臺中刑務所演武場,中興嶺
TXG914,Taichung,152區,臺中市議會,圓環南永安街口
TXG916,Taichung,281副,新建國市場,霧峰農工
TXG919,Taichung,309區,靜宜大學,臺中車站
TXG92,Taichung,92,豐原,大安國中
TXG920,Taichung,920,八方國際夜市,育賢環中東/西路口
TXG9211,Taichung,921,豐原東站,軍功松竹路口
TXG9221,Taichung,922,北屯區行政大樓,大坑九號步道
TXG924,Taichung,70A,第一廣場,嶺東科技大學
TXG925,Taichung,70B,嶺東科技大學,第一廣場
TXG93,Taichung,93,高鐵臺中站,銅安厝
TXG932,Taichung,105區1,新興里,四張犁
TXG933,Taichung,105區2,臺中高工,四張犁
TXG937,Taichung,306繞,清水,臺中車站(經梧棲)
TXG938,Taichung,305區,巨業沙鹿站,大甲
TXG939,Taichung,306區1,靜宜大學,清水(經梧棲)
TXG940,Taichung,306區2,沙鹿站,清水(經梧棲)
TXG941,Taichung,68延,鹿寮國中,中臺科技大學
TXG942,Taichung,68延(繞國安國小),鹿寮國中,中臺科技大學(繞國安國小)
TXG943,Taichung,20區,干城,東山高中
TXG947,Taichung,617,臺中港旅客服務中心,仁友停車場
TXG95,Taichung,95,六福公園,外埔老人文康中心
TXG950,Taichung,90延,豐原,和平衛生所
TXG951,Taichung,95副,六福公園,土城
TXG956,Taichung,206延,石岡國中,東勢高工
TXG959,Taichung,219延,石岡國中,上龍興里
TXG960,Taichung,220繞,豐原,臺中榮總
TXG966,Taichung,266繞,東勢,谷關
TXG97,Taichung,97,國立苑裡高中,臺中國際機場
TXG974,Taichung,74繞,太平,嶺東科技大學
TXG975,Taichung,275區,下新社,中和
TXG979,Taichung,989延,翁子,神圳國中
TXG98,Taichung,98,神岡庄尾,普濟寺
TXG981,Taichung,98繞,神岡庄尾,普濟寺
TXG985,Taichung,A1,臺中國際機場,臺中公園
TXG986,Taichung,A2,臺中國際機場,臺中車站
TXG987,Taichung,A3,臺中國際機場,逢甲夜市
TXG989,Taichung,989,翁子,圳前仁愛公園
TXG99,Taichung,99,精武車站,嶺東科技大學
TXG991,Taichung,99延,精武車站,臺中區監理所(遊園路)
TXG999,Taichung,956,豐原東站,光華高工
TNN10019,Tainan,19,安平,大灣
TNN10020,Tainan,20,南紡購物中心,海東國小
TNN10021,Tainan,21,臺南火車站,永康工業區
TNN10160,Tainan,1,臺南火車站,茄萣
TNN10161,Tainan,18,台南站,塭南里
TNN10162,Tainan,2,崑山科大,安平
TNN10163,Tainan,3,海東國小,德高國小
TNN10164,Tainan,5,桂田酒店,市立醫院、大甲里
TNN10165,Tainan,6,仁德轉運站,新興國宅
TNN10166,Tainan,7,臺南火車站,台糖安南學苑
TNN10167,Tainan,9,臺南火車站,公親里
TNN10168,Tainan,10,臺南火車站,鹿耳門
TNN10169,Tainan,11,大成路口,城西里
TNN10170,Tainan,14,臺南火車站,億載金城
TNN10231,Tainan,測試20路,安工區,玉井
TNN10262,Tainan,H31,市政府,高鐵台南站
TNN10265,Tainan,H62,奇美醫院,高鐵台南站
TNN1033,Tainan,33,高鐵嘉義站,故宮南院 ─ 關子嶺
TNN10450,Tainan,0左,火車北站,火車北站
TNN10451,Tainan,0右,火車南站,火車南站
TNN10452,Tainan,15,奇美醫院,大成國中
TNN10480,Tainan,測試1路,安工區,曾文管理局
TNN10492,Tainan,測試18路,去程第1站,回程第1站
TNN1061,Tainan,61 西濱快線,新營站,臺灣鹽博物館
TNN1070,Tainan,70,健康路(70左),中華北路(70右)
TNN1077,Tainan,77,原住民文化會館,南紡購物中心
TNN1088,Tainan,88,火車南站,火車南站
TNN1099,Tainan,99,臺南轉運站,七股鹽山
TNN1100,Tainan,綠幹線,臺南,玉井
TNN1101,Tainan,綠1,新化,善化
TNN1102,Tainan,綠2,新化,山上
TNN1103,Tainan,綠3,新化,善化
TNN1104,Tainan,綠4,新化,善化
TNN1105,Tainan,綠5,臺鐵永康,大社
TNN1106,Tainan,綠6,新化,大社
TNN1107,Tainan,綠7,新化,大社
TNN1110,Tainan,綠10,新化,山上
TNN1111,Tainan,綠11,新化,善化
TNN1112,Tainan,綠12,臺南、新化,南化玉山
TNN1113,Tainan,綠13,新化,左鎮
TNN1114,Tainan,綠14,新化,九層嶺
TNN1115,Tainan,綠15,新化,五甲勢
TNN1116,Tainan,綠16,新化,關廟
TNN1117,Tainan,綠17,安工區,新化
TNN1120,Tainan,綠20,玉井,永興吊橋
TNN1121,Tainan,綠21,玉井,龜丹油礦
TNN1122,Tainan,綠22,玉井,梅嶺
TNN1123,Tainan,綠23,玉井,雙溪
TNN1124,Tainan,綠24,玉井,曾文水庫
TNN1125,Tainan,綠25,玉井,大埔
TNN1126,Tainan,綠26,玉井,甲仙
TNN1127,Tainan,綠27,玉井,南化
TNN1200,Tainan,藍幹線,安工區,佳里
TNN1201,Tainan,藍1,佳里,南鯤鯓
TNN1202,Tainan,藍2,佳里,南鯤鯓
TNN1203,Tainan,藍3,佳里,蘆竹溝
TNN1210,Tainan,藍10,佳里,將軍漁港
TNN1211,Tainan,藍11,佳里,青鯤鯓
TNN1212,Tainan,藍12,佳里,青鯤鯓
TNN1213,Tainan,藍13,佳里,西寮
TNN1220,Tainan,藍20,佳里,馬沙溝遊憩區
TNN1221,Tainan,藍21,佳里,九塊厝
TNN1222,Tainan,藍22,佳里,九塊厝
TNN1223,Tainan,藍23,安工區,九塊厝
TNN1224,Tainan,藍24,安工區,青草里
TNN1225,Tainan,藍25,佳里,科工區
TNN1300,Tainan,棕幹線,新營,佳里
TNN1301,Tainan,棕1,新營,雙春北門
TNN1302,Tainan,棕2,新營,下中
TNN1303,Tainan,棕3,新營,南港里
TNN1310,Tainan,棕10,學甲,麻豆
TNN1311,Tainan,棕11,學甲,頑皮世界
TNN1400,Tainan,橘幹線,佳里,玉井
TNN1401,Tainan,橘1,善化轉運站,蒙正
TNN1402,Tainan,橘2,胡厝寮,大內
TNN1403,Tainan,橘3,善化轉運站,和順臺南
TNN1404,Tainan,橘4,善化轉運站,烏山頭水庫
TNN1405,Tainan,橘5,善化轉運站,六甲
TNN1409,Tainan,橘9,佳里站,高鐵嘉義站
TNN1410,Tainan,橘10,大地莊園,南藝大
TNN1411,Tainan,橘11,下營公所,和順臺南
TNN1412,Tainan,橘12,麻豆,臺南
TNN1420,Tainan,橘20,大內,玉井
TNN1500,Tainan,黃幹線,白河,新營麻豆
TNN1501,Tainan,黃1,新營,柳營六甲
TNN1502,Tainan,黃2,新營,王爺宮
TNN1503,Tainan,黃3,新營,果毅後
TNN1504,Tainan,黃4,新營,六甲
TNN1505,Tainan,黃5,新營,下營
TNN1506,Tainan,黃6,新營,後壁
TNN1507,Tainan,黃7,新營,青山
TNN1509,Tainan,黃9,新營站,高鐵嘉義站
TNN1510,Tainan,黃10,後壁,六重溪
TNN1511,Tainan,黃11,白河,青山
TNN1512,Tainan,黃12,白河,關子嶺
TNN1513,Tainan,黃13,白河,南寮
TNN1514,Tainan,黃14,白河,三層崎
TNN1515,Tainan,黃15,白河,詔安厝
TNN1516,Tainan,黃16,白河商工,隆田
TNN1520,Tainan,黃20,麻豆,林鳳營
TNN1600,Tainan,紅幹線,安工區,關廟龍崎
TNN1601,Tainan,紅1,臺南轉運站,關廟
TNN1602,Tainan,紅2,臺南轉運站,關廟
TNN1603,Tainan,紅3,臺南轉運站,關廟
TNN1604,Tainan,紅4,臺南轉運站,奇美博物館
TNN1610,Tainan,紅10,關廟,奇美醫院
TNN1611,Tainan,紅11,關廟,牛埔農塘
TNN1613,Tainan,紅13,關廟,阿蓮
TNN1614,Tainan,紅14,關廟,長榮大學
TNN1701,Tainan,綠20 小黃公車,玉井,永興吊橋
TNN1702,Tainan,綠20-1 小黃公車,玉井,虎頭山
TNN1703,Tainan,綠21 小黃公車,玉井,龜丹油礦
TNN1704,Tainan,黃14-1 小黃公車,白河,甘宅內角
TNN1705,Tainan,黃15 小黃公車,白河,詔安厝
TNN1706,Tainan,綠28 小黃公車,左鎮果菜市場,草山里活動中心
TNN1707,Tainan,黃10-1 小黃公車,白河,檳榔腳
TNN1708,Tainan,黃12-1 小黃公車,白河,福顯宮
TNN1709,Tainan,紅11 小黃公車,關廟,牛埔農塘
TNN1710,Tainan,紅12 小黃公車,關廟,烏山頭
TNN1711,Tainan,紅13 小黃公車,關廟,阿蓮
TNN1801,Tainan,紅3-1,保安轉運站,奇美環線
TNN1802,Tainan,黃6-1,新營,白河
TNN1803,Tainan,77-1,安平漁人碼頭,安平環線
TNN1804,Tainan,綠20-1,玉井,虎頭山
TNN1805,Tainan,黃12-2,關子嶺,假日公車
TNN1806,Tainan,黃14-1,白河,甘宅內角
TNN1807,Tainan,橘10-1,麻豆轉運站,勞動力發展署
TNN1808,Tainan,橘4-1,善化轉運站,勞動力發展署
TNN1809,Tainan,黃11-1,白河,東原國中
TNN1810,Tainan,棕3-1,新營,鐵線里
TNN1811,Tainan,77-2,安平漁人碼頭,興達港觀光魚市
TNN1813,Tainan,黃11-2,白河,橫路休息站
TNN1814,Tainan,橘11-1,下營、麻豆,臺南轉運站
TNN1815,Tainan,黃16-1,白河站,高鐵嘉義站
TNN1816,Tainan,橘9-1,佳里站,高鐵嘉義站
TNN1817,Tainan,綠10-1,新化,左鎮化石園區
TNN1818,Tainan,山博行假日公車,左鎮化石園區,南瀛天文園區
TNN1901,Tainan,雙層巴士,臺南火車站,臺南火車站
TNN9111,Tainan,111,小西門,高雄國際航空站
KHH100,Kaohsiung,100百貨幹線,瑞豐站,高雄火車站
KHH11,Kaohsiung,11,瑞豐站,捷運鹽埕埔站
KHH1111,Kaohsiung,JOY公車H11A,寶來7-11,長庚醫院
KHH112,Kaohsiung,JOY公車H12,桃源區公所,高醫
KHH1121,Kaohsiung,JOY公車H21區間(那瑪夏-甲仙站),那瑪夏區公所,甲仙站
KHH1122,Kaohsiung,JOY公車H21區間(甲仙站-旗山),甲仙站,旗山轉運站
KHH1123,Kaohsiung,JOY公車H21區間,旗山轉運站,溪洲
KHH114,Kaohsiung,205中華幹線,加昌站,輕軌夢時代站
KHH115,Kaohsiung,205中華幹線區間車,加昌站,高雄火車站
KHH116,Kaohsiung,紅9A旗津幹線,前鎮站,旗津輪渡站
KHH1161,Kaohsiung,紅9B假日觀光公車(延駛旗津漁港),旗津海水浴場,旗津海岸公園
KHH1162,Kaohsiung,紅9C假日觀光公車,旗津海水浴場,旗津海岸公園
KHH12,Kaohsiung,12A,小港站,高雄火車站
KHH121,Kaohsiung,12C(延駛經大坪頂),小港站,高雄火車站
KHH122,Kaohsiung,88建國幹線,黃埔公園,捷運鹽埕埔站
KHH1221,Kaohsiung,88建國幹線(延駛市議會),捷運衛武營站,捷運鹽埕埔站
KHH123,Kaohsiung,12B(去程不繞駛飛機路),小港站,高雄火車站
KHH131,Kaohsiung,JOY公車H31,多納,旗山轉運站
KHH132,Kaohsiung,JOY公車H11區間(六龜-寶來),六龜新站,寶來
KHH133,Kaohsiung,JOY公車H11區間(六龜-桃源),六龜新站,桃源
KHH1421,Kaohsiung,0南,金獅湖站,捷運鹽埕埔站
KHH1431,Kaohsiung,0北,金獅湖站,捷運鹽埕埔站
KHH15,Kaohsiung,15,前鎮站,前鎮高中
KHH151,Kaohsiung,15公車式小黃,小港站,前鎮站
KHH16,Kaohsiung,16A(假日去程部分班次延駛高雄靈糧堂),警廣站,鼎金國小
KHH160,Kaohsiung,橘7A(延駛大樹衛生所),捷運衛武營站,大樹衛生所
KHH1601,Kaohsiung,橘7A(不延駛),捷運衛武營站,舊鐵橋濕地
KHH1602,Kaohsiung,橘7A(去程放空),,
KHH161,Kaohsiung,16A繞(1700-2150繞文信路口),警廣站,鼎金國小
KHH162,Kaohsiung,16B(假日去程部分班次延駛高雄靈糧堂),警廣站,鼎金國小
KHH179,Kaohsiung,紅2A,小港站,鳳鼻頭港
KHH1791,Kaohsiung,紅2B(延駛職訓中心),小港站,鳳鼻頭港
KHH1792,Kaohsiung,紅2C(直達車),小港站,鳳鼻頭港
KHH2061,Kaohsiung,168環西幹線,金獅湖站,輕軌夢時代站
KHH2071,Kaohsiung,168環東幹線,金獅湖站,輕軌夢時代站
KHH210,Kaohsiung,紅35A,金獅湖站,捷運凹子底站
KHH2101,Kaohsiung,紅35B,金獅湖站,捷運凹子底站
KHH2102,Kaohsiung,紅35A(繞崇實社區),金獅湖站,捷運凹子底站
KHH211,Kaohsiung,紅3A林園幹線(行經鳳鳴國小),小港站,林園區公所
KHH2111,Kaohsiung,紅3B林園幹線,小港站,林園區公所
KHH2112,Kaohsiung,紅3C林園幹線(不經西溪里),小港站,林園區公所
KHH2113,Kaohsiung,紅3D林園幹線(不經西溪里.宏平路),小港站,林園區公所
KHH2114,Kaohsiung,紅3E林園幹線(延駛鳳鳴里),小港站,林園區公所
KHH2115,Kaohsiung,紅3公車式小黃(西溪里),新光人壽,林園區公所
KHH213,Kaohsiung,紅5 ,捷運小港站,中智路郵局
KHH214,Kaohsiung,214A,小港站,歷史博物館
KHH215,Kaohsiung,214B(06:10前鎮站至鹽埕埔),前鎮站,捷運鹽埕埔站
KHH217,Kaohsiung,217A新昌幹線,加昌站,鳥松區公所
KHH2173,Kaohsiung,217D新昌幹線(高應大發車),高雄科大(建工),加昌站
KHH2174,Kaohsiung,217E新昌幹線(大華村發車),大華村,加昌站
KHH218,Kaohsiung,218A,加昌站,高雄火車站
KHH2181,Kaohsiung,218B(延駛合群社區),加昌站,高雄火車站
KHH219,Kaohsiung,219A,加昌站,大智路(光榮國小)
KHH2192,Kaohsiung,219B,捷運西子灣站,大智路(光榮國小)
KHH221,Kaohsiung,紅73A,岡山轉運站,阿蓮區公所
KHH224,Kaohsiung,224(原 24B),楠梓站,歷史博物館
KHH23,Kaohsiung,23(部分延駛文山高中),高雄客運鳳山站,圓照寺
KHH231,Kaohsiung,23公車式小黃,高雄客運鳳山站,圓照寺
KHH239,Kaohsiung,239,茄萣站,台南火車站
KHH24,Kaohsiung,24(原 24A),圓照寺,捷運巨蛋站
KHH245,Kaohsiung,245A,加昌站,臺鐵新左營站
KHH2451,Kaohsiung,245B(延駛高雄大學),加昌站,臺鐵新左營站
KHH248,Kaohsiung,248,捷運衛武營站,濱海二路
KHH2481,Kaohsiung,248火車站,高雄火車站,濱海二路
KHH2482,Kaohsiung,248區間車,高雄火車站,濱海二路
KHH25,Kaohsiung,25,瑞豐站,歷史博物館
KHH253,Kaohsiung,紅70A,捷運南岡山站,田寮區公所
KHH2533,Kaohsiung,紅70B(延駛隆后宮),捷運南岡山站,隆后宮
KHH26,Kaohsiung,26A,瑞豐站,高雄火車站
KHH260,Kaohsiung,26B,瑞豐站,高雄火車站
KHH261,Kaohsiung,261,義大醫院站,旗山轉運站
KHH28,Kaohsiung,28,加昌站,高雄火車站
KHH29,Kaohsiung,29A,左營南站,楠梓高中
KHH291,Kaohsiung,29B(延駛創新路),左營南站,楠梓高中
KHH292,Kaohsiung,29C,左營南站,楠梓高中
KHH3,Kaohsiung,3,警廣站,凹仔底森林公園
KHH30,Kaohsiung,30,小港站,長庚醫院
KHH301,Kaohsiung,301,加昌站,高雄火車站
KHH3011,Kaohsiung,301區間,台鐵新左營站,高雄火車站
KHH31,Kaohsiung,3繞(17:00－20:30繞文信路),警廣站,凹仔底森林公園
KHH33,Kaohsiung,33(06:33延駛後備指揮部),金獅湖站,捷運鹽埕埔站
KHH331,Kaohsiung,33公車式小黃,金獅湖站,捷運鹽埕埔站
KHH35,Kaohsiung,35A(原 紅9D(延駛小港國高中)),前鎮站,旗津海水浴場
KHH351,Kaohsiung,35B,小港站,旗津海水浴場
KHH36,Kaohsiung,36,前鎮站,高雄火車站
KHH362,Kaohsiung,紅8A,小港站,輔英科大校區
KHH3621,Kaohsiung,紅8B(去繞昭明),小港站,輔英科大校區
KHH3623,Kaohsiung,紅8C(返繞昭明),小港站,輔英科大校區
KHH3624,Kaohsiung,紅8E,小港站,昭明變電所站
KHH37,Kaohsiung,37,前鎮站,育英醫專
KHH371,Kaohsiung,37(育英發車),,
KHH38,Kaohsiung,38A,左營南站,高雄榮民總醫院
KHH381,Kaohsiung,38B(去程延駛鼓山三路),左營南站,高雄榮民總醫院
KHH382,Kaohsiung,38C(返程延駛鼓山三路),左營南站,高雄榮民總醫院
KHH383,Kaohsiung,38D(去返程延駛鼓山三路),左營南站,高雄榮民總醫院
KHH39,Kaohsiung,39,加昌站,高雄榮民總醫院
KHH411,Kaohsiung,JOY公車H11,桃源區公所,長庚醫院
KHH4134,Kaohsiung,JOY公車H11區間(旗山轉運站-新開不老溫泉),旗山轉運站,美崙山
KHH5,Kaohsiung,5,鳳山轉運站,關帝廟
KHH50,Kaohsiung,50五福幹線,捷運衛武營站,鼓山輪渡站
KHH503,Kaohsiung,E03A燕巢快線,高鐵左營站,義大醫院
KHH5031,Kaohsiung,E03B燕巢快線,高鐵左營站,義大醫院
KHH504,Kaohsiung,E04,高鐵左營站,高師大燕巢校區
KHH5041,Kaohsiung,E04區間,樹德科技大學,高師大燕巢校區
KHH509,Kaohsiung,E09鳳山燕巢城市快線,國軍高雄總醫院,樹德科技大學
KHH5091,Kaohsiung,E09(假日行駛),國軍高雄總醫院,樹德科技大學
KHH51,Kaohsiung,5(區間車),鳳山轉運站,北昌三街口
KHH510,Kaohsiung,E10小港燕巢城市快線,捷運草衙站,樹德科技大學
KHH5101,Kaohsiung,E10(假日行駛),捷運草衙站,樹德科技大學
KHH511,Kaohsiung,E11A鳳山高鐵城市快線,捷運大東站,高鐵新左營站
KHH5112,Kaohsiung,E11B鳳山高鐵城市快線,中崙國中,高鐵新左營站
KHH52,Kaohsiung,52A,建軍站,高雄火車站
KHH521,Kaohsiung,52B(不延駛市議會),建軍站,高雄火車站
KHH523,Kaohsiung,52C(捷運中央公園站－高雄女中),捷運中央公園,捷運中央公園站
KHH531,Kaohsiung,53A,捷運衛武營站,本館里
KHH532,Kaohsiung,53B,捷運衛武營站,高雄火車站
KHH56,Kaohsiung,56,高雄火車站,壽山動物園
KHH561,Kaohsiung,56區間(例假日行駛),捷運鹽埕埔站,壽山動物園
KHH6,Kaohsiung,6,左營南站,萬金路
KHH60,Kaohsiung,60覺民幹線(白天延駛澄清湖),駁二藝術特區,夢裡活動中心
KHH601,Kaohsiung,黃1(平日行駛),澄清湖棒球場,捷運三多商圈
KHH6011,Kaohsiung,黃1延(假日行駛),澄清湖棒球場,高雄展覽館
KHH602,Kaohsiung,黃2A,前鎮高中,忠誠路口
KHH6021,Kaohsiung,黃2B,小港站,忠誠路口
KHH6022,Kaohsiung,黃2C,前鎮高中,忠誠路口
KHH603,Kaohsiung,E01B旗美國道快線(往美濃站),高鐵左營站,美濃站
KHH604,Kaohsiung,E01A旗美國道快線(往旗山轉運站),高鐵左營站,旗山轉運站
KHH609,Kaohsiung,E02哈佛快線,高鐵左營站,佛光山
KHH61,Kaohsiung,6(星展銀行發車),建楠路,左營南站
KHH629,Kaohsiung,62公車式小黃,小港站,大坪頂
KHH631,Kaohsiung,63北,小港站,高松陸橋
KHH6311,Kaohsiung,63南,小港站,九龍寺
KHH682,Kaohsiung,大樹祈福線A,臺鐵鳳山站,佛陀紀念館
KHH6821,Kaohsiung,大樹祈福線B,鳳山轉運站,佛陀紀念館
KHH69,Kaohsiung,69A小港幹線,小港站,高雄火車站
KHH691,Kaohsiung,69B小港幹線(延駛明鳳),小港站,高雄火車站
KHH7,Kaohsiung,7A,加昌站,高雄師範大學
KHH70,Kaohsiung,70A三多幹線(部分延駛澄清湖),前鎮站,長庚紀念醫院
KHH7001,Kaohsiung,綠1,香蕉碼頭(棧貳庫),輕軌凱旋中華站
KHH7002,Kaohsiung,綠1區間,香蕉碼頭(棧貳庫),正勤社區
KHH701,Kaohsiung,70B三多幹線(延駛鎮州路),前鎮站,長庚紀念醫院
KHH703,Kaohsiung,70D三多幹線(延駛仁美),前鎮站,鳥松區公所
KHH72,Kaohsiung,72A,金獅湖站,中正高工
KHH721,Kaohsiung,72B(延駛正勤社區),金獅湖站,正勤社區
KHH73,Kaohsiung,73,捷運衛武營站,左營區公所
KHH730,Kaohsiung,7B(區間車),加昌站,樹德科技大學
KHH731,Kaohsiung,7C,加昌站,高雄科大(燕巢)
KHH732,Kaohsiung,7D,加昌站,樹德科技大學
KHH76,Kaohsiung,76,金獅湖站,歷史博物館
KHH77,Kaohsiung,77昌福幹線,金獅湖站,歷史博物館
KHH771,Kaohsiung,77昌福幹線(繞三民高中),金獅湖站,高雄女中
KHH8001,Kaohsiung,8001,歷史博物館,林園站
KHH8006,Kaohsiung,8006,捷運鳳山站,大樹
KHH8008,Kaohsiung,8008,岡山轉運站,高雄車站
KHH8009,Kaohsiung,8009,旗山北站,高雄車站
KHH801,Kaohsiung,紅1,高雄餐旅大學,捷運小港站
KHH8010,Kaohsiung,8010,高雄車站,旗山北站
KHH8012,Kaohsiung,8012,捷運南岡山站,旗山北站
KHH8013,Kaohsiung,8013(假日延駛石頭廟),捷運南岡山站,田寮
KHH8015,Kaohsiung,8015,岡山轉運站(岡山火車站),海青工商
KHH8017,Kaohsiung,8017,台鐵新左營站,岡山轉運站
KHH8020,Kaohsiung,8020,義大醫院,捷運南岡山站
KHH8021,Kaohsiung,8021,高雄客運鳳山站,彌陀國小
KHH8023,Kaohsiung,8023,高雄車站,旗山北站
KHH8025,Kaohsiung,E25高旗六龜快線(08:20前不行經高鐵左營站),六龜新站,高雄車站
KHH8026,Kaohsiung,8026,旗山轉運站,玄龍宮
KHH8028,Kaohsiung,E28高旗美濃快線,高雄車站,美濃站
KHH8029,Kaohsiung,8029,甲仙站,桃源
KHH8032,Kaohsiung,E32高旗甲仙快線,甲仙站,高雄車站
KHH8033,Kaohsiung,8033,六龜新站,美崙山
KHH8035,Kaohsiung,8035(部分延駛實踐大學),旗山轉運站,南化
KHH8036,Kaohsiung,8036,旗山轉運站,竹峰寺
KHH8040,Kaohsiung,8040,岡山轉運站,高雄車站
KHH8041,Kaohsiung,8041C(部分延駛樹人醫專),捷運鳳山站,茄萣站
KHH8042,Kaohsiung,8042(原 E07 假日延駛博物館、航空站),實踐大學,高鐵台南站
KHH8043,Kaohsiung,8043,茄萣站,高雄車站
KHH8046,Kaohsiung,8046A,高雄車站,台南火車站
KHH8048,Kaohsiung,8048,捷運都會公園站,屏東火車站
KHH8049,Kaohsiung,8049,崗安路,高雄客運鳳山站
KHH806,Kaohsiung,紅6,捷運草衙站,小港站
KHH8061,Kaohsiung,紅6公車式小黃,捷運草衙站,小港站
KHH8062,Kaohsiung,8010(區間車),鳳山轉運站,旗山北站
KHH8063,Kaohsiung,8023(區間車),楠梓站,旗山北站
KHH8069,Kaohsiung,8041A,林園站,高客自立站
KHH807,Kaohsiung,紅7A(不經紅毛港),后安路,孔宅
KHH8070,Kaohsiung,8041B,捷運鳳山站,岡山轉運站
KHH8071,Kaohsiung,紅7B(經紅毛港),后安路,孔宅
KHH8072,Kaohsiung,紅7C(延駛漁業署),后安路,孔宅
KHH8073,Kaohsiung,8046B(部分延駛樹人醫專),高鐵左營站,台南火車站
KHH8074,Kaohsiung,8035(區間車),旗山轉運站,內門
KHH8075,Kaohsiung,8049(區間車),崗安路,捷運南岡山站
KHH81,Kaohsiung,81,瑞豐站,育英醫專
KHH810,Kaohsiung,紅10,前鎮高中,臺鐵鳳山站
KHH8100,Kaohsiung,紅1(延駛中鋼公司),高雄餐旅大學,中鋼
KHH8103,Kaohsiung,紅10(區間車),前鎮高中站,
KHH811,Kaohsiung,紅11A,過埤派出所,捷運前鎮高中站
KHH8111,Kaohsiung,紅11B,過埤派出所,捷運前鎮高中站
KHH8112,Kaohsiung,紅11公車式小黃,過埤派出所,捷運前鎮高中站
KHH812,Kaohsiung,紅12A,公車瑞豐站,公車前鎮站
KHH8121,Kaohsiung,紅12B(延駛加工出口區),公車瑞豐站,公車前鎮站
KHH813,Kaohsiung,紅13(紅毛港文化園區),捷運小港站,紅毛港文化園區
KHH816,Kaohsiung,紅16,軟體園區,捷運三多商圈站
KHH8161,Kaohsiung,紅16公車式小黃,軟體園區,捷運三多商圈站
KHH818,Kaohsiung,紅18,中崙社區,實踐大學
KHH82,Kaohsiung,82A,瑞豐站,三山國王廟
KHH8200,Kaohsiung,紅1(區間),高雄餐旅大學(校區),捷運小港站
KHH821,Kaohsiung,紅21,捷運衛武營站,捷運三多商圈站
KHH822,Kaohsiung,紅22,捷運衛武營站,圖書總館
KHH823,Kaohsiung,82B,瑞豐站,捷運西子灣站
KHH824,Kaohsiung,82A公車式小黃,瑞豐站,三山國王廟
KHH825,Kaohsiung,紅25,左營南站,高雄火車站(同愛街口)
KHH8251,Kaohsiung,紅25繞,先勝路口,高雄火車站
KHH827,Kaohsiung,紅27,高雄火車站,中都街口
KHH828,Kaohsiung,紅28,客家文物館,汾陽路口
KHH8281,Kaohsiung,紅28(繞中都濕地公園),察哈爾街口,汾陽路口
KHH8282,Kaohsiung,紅28公車式小黃,客家文物館,汾陽路口
KHH8283,Kaohsiung,紅28公車式小黃(繞中都濕地公園),察哈爾街口,汾陽路口
KHH829,Kaohsiung,紅29,捷運後驛站,陽明國小
KHH83,Kaohsiung,83,瑞豐站,高雄火車站
KHH830,Kaohsiung,紅30,忠誠路口,高雄火車站
KHH8301,Kaohsiung,紅30區,高雄科大(建工),捷運後驛站
KHH831,Kaohsiung,紅31,皓東路口,高雄火車站
KHH832,Kaohsiung,紅32A,捷運凹子底站,國泰市場
KHH8321,Kaohsiung,紅32B(學校寒暑假停駛),捷運凹子底站,鼓山高中
KHH833,Kaohsiung,紅33明誠幹線,市立聯合醫院,鳳山商工
KHH836,Kaohsiung,紅36,左營海軍軍區,文藻外語大學
KHH8361,Kaohsiung,紅36(17:08－23:30繞文信路),左營海軍軍區,文藻外語大學
KHH85,Kaohsiung,JOY公車H21,五里埔(小林國小),高醫
KHH850,Kaohsiung,紅50,捷運生態園區,榮總側門
KHH8501,Kaohsiung,8501(部分班次延駛義守大學),高鐵左營站,義大世界站
KHH8502,Kaohsiung,8502A,高雄美術館,義大世界站
KHH8503,Kaohsiung,8503,市政大樓,義大世界站
KHH8504,Kaohsiung,8504,鳳陽社區,義大世界站
KHH8505,Kaohsiung,8505,前鎮高中站,義大世界
KHH8506,Kaohsiung,8506,岡山轉運站,義大世界
KHH8507,Kaohsiung,8501延駛佛光山,高鐵左營站,佛陀紀念館
KHH8509,Kaohsiung,紅50公車式小黃,捷運生態園區,榮總側門
KHH851,Kaohsiung,紅51A,台鐵新左營站,蓮池潭
KHH8511,Kaohsiung,紅51B,台鐵新左營站,捷運生態園區站
KHH8513,Kaohsiung,紅51A公車式小黃,台鐵新左營站,蓮池潭
KHH8514,Kaohsiung,紅51C公車式小黃,台鐵新左營站,高雄物產館
KHH8515,Kaohsiung,紅51B公車式小黃,台鐵新左營站,捷運生態園區站
KHH852,Kaohsiung,紅52(原 E05),台鐵新左營站,中山大學
KHH8531,Kaohsiung,紅53梓官幹線-主,台鐵新左營站,蚵仔寮漁港
KHH8532,Kaohsiung,紅53梓官幹線-區間(原 紅55),台鐵新左營站,中興里(楠梓)
KHH8533,Kaohsiung,紅53梓官幹線-副,台鐵新左營站,蚵仔寮漁港
KHH856,Kaohsiung,紅56A,捷運楠梓加工區,高雄大學
KHH8561,Kaohsiung,紅56B(延駛德民黃昏市場),捷運楠梓加工區,高雄大學
KHH8562,Kaohsiung,紅56C(學校寒暑假停駛),捷運楠梓加工區,高雄大學
KHH857,Kaohsiung,紅57,東六街口,創意南路
KHH8571,Kaohsiung,紅57(區間車),捷運楠梓加工區,員工服務中心
KHH858,Kaohsiung,紅58A,捷運都會公園站,高雄科大(第一西校區)
KHH8581,Kaohsiung,紅58B,捷運都會公園站,燕巢區公所
KHH8582,Kaohsiung,紅58C(學校寒暑假停駛),捷運都會公園站,楠梓高中
KHH859,Kaohsiung,紅59,高鐵左營站,蓮池潭
KHH86,Kaohsiung,JOY公車H22,那瑪夏,長庚醫院
KHH860,Kaohsiung,紅60A,左營高鐵站,仁德街口(中華路)
KHH8601,Kaohsiung,紅60B,左營高鐵站,加昌站
KHH865,Kaohsiung,紅65(原 紅68C(週一~週五延駛燁聯鋼鐵)),捷運南岡山站,燁聯鋼鐵
KHH866,Kaohsiung,紅66(原 紅69C(延駛本洲工業區)),捷運南岡山站,永安工業區
KHH867,Kaohsiung,紅67A部分班次延駛中正堂(原 紅69B),捷運南岡山站,高雄科學園區
KHH8671,Kaohsiung,紅67B(原 紅69D),捷運南岡山站,順安宮
KHH868,Kaohsiung,紅68A,漢翔公司,捷運南岡山站
KHH8681,Kaohsiung,紅68B(部分班次延駛嘉興國中),捷運南岡山站,漢翔公司
KHH8682,Kaohsiung,紅68A(延駛大莊里),大莊里,捷運南岡山站
KHH869,Kaohsiung,紅69 (原 紅69A),捷運南岡山站,岡山高中
KHH8695,Kaohsiung,紅69A公車式小黃,捷運南岡山站,岡山高中
KHH87,Kaohsiung,87,鳳山轉運站,捷運衛武營站
KHH871,Kaohsiung,紅71A,捷運南岡山站,茄萣區公所
KHH8711,Kaohsiung,紅71B1,捷運南岡山站,茄萣區公所
KHH8712,Kaohsiung,紅71B2,興達國小,茄萣區公所
KHH8713,Kaohsiung,紅71C,加昌站,捷運南岡山站
KHH8714,Kaohsiung,紅71D,捷運南岡山站,東方設計學院
KHH872,Kaohsiung,紅72A(部份班次延駛安樂宮),捷運橋頭火車站,彌陀國小
KHH8721,Kaohsiung,紅72B(部分班次延駛保寧),捷運橋頭火車站,永安區公所
KHH8722,Kaohsiung,紅72C(部份班次延駛安樂宮),捷運橋頭火車站,彌陀國小
KHH8723,Kaohsiung,紅72A(延駛南安國小),捷運橋頭火車站,彌陀國小
KHH8724,Kaohsiung,紅72C(延駛南安國小),捷運橋頭火車站,彌陀國小
KHH8732,Kaohsiung,紅73B,岡山轉運站,阿蓮區公所
KHH878,Kaohsiung,紅78,捷運南岡山站,南寮
KHH879,Kaohsiung,紅79,捷運南岡山站,塭仔邊
KHH882,Kaohsiung,88建國幹線(區間),臺鐵鳳山站,捷運鹽埕埔站
KHH90,Kaohsiung,90民族幹線,高鐵左營站,捷運三多商圈站
KHH901,Kaohsiung,橘1A,捷運西子灣2號出口,中山大學行政大樓
KHH9011,Kaohsiung,橘1B(平日停駛),捷運西子灣2號出口,中山大學
KHH9012,Kaohsiung,橘1C(延駛中山大學文學院),捷運西子灣2號出口,中山大學文學院
KHH908,Kaohsiung,橘8,捷運衛武營站,過埤派出所
KHH910,Kaohsiung,橘10A(假日停駛),捷運衛武營站,臺鐵鳳山站
KHH9103,Kaohsiung,橘10B公車式小黃,捷運衛武營站,臺鐵鳳山站
KHH911,Kaohsiung,橘11A,林園站,捷運衛武營站
KHH9111,Kaohsiung,橘11B,林園站,捷運衛武營站
KHH9112,Kaohsiung,橘11A(區間車),林園站,臺鐵鳳山站
KHH912,Kaohsiung,橘12鳳青幹線(白天延駛澄清湖),中崙國中,長庚醫院
KHH9121,Kaohsiung,橘12鳳青幹線區間車(寒暑假停駛),捷運鳳山西站,鳳新高中 
KHH916,Kaohsiung,橘16,臺鐵鳳山站,仁武高中
KHH9161,Kaohsiung,橘16(延駛大社),臺鐵鳳山站,大社區公所
KHH917,Kaohsiung,橘17(原 橘7C),鳳山轉運站,長庚醫院
KHH9171,Kaohsiung,橘17(延駛),鳳山轉運站,長庚醫院
KHH92,Kaohsiung,92自由幹線,高鐵左營站,高雄火車站(同愛街口)
KHH920,Kaohsiung,橘20A,捷運大寮站,大寮農會
KHH9201,Kaohsiung,橘20B,捷運大寮站,上寮路口(大寮路)
KHH9202,Kaohsiung,橘20C,捷運大寮站,輔英科大
KHH9203,Kaohsiung,橘20D(假日停駛),捷運大寮站,潮寮國中
KHH9205,Kaohsiung,橘20B(延駛輔英科大),捷運大寮站,上寮路口(大寮路)
KHH9206,Kaohsiung,橘20C(直達車),捷運大寮站,輔英科大
KHH921,Kaohsiung,橘21A公車式小黃,和春技術學院(大發校區),捷運大寮站
KHH9211,Kaohsiung,橘21B公車式小黃,月天寺,捷運大寮站
KHH922,Kaohsiung,橘22公車式小黃,後庄(鳳屏一路),捷運大寮站
KHH9231,Kaohsiung,橘23公車式小黃,捷運大寮站,中庄
KHH96,Kaohsiung,96A,義大世界站,義大醫院
KHH961,Kaohsiung,96B,義大醫院,林路口(澄觀路二段)
KHH97,Kaohsiung,97,捷運都會公園站,樹德科大
KHH9701,Kaohsiung,橘7B(假日停駛),捷運衛武營站,佛陀紀念館
KHH9702,Kaohsiung,橘7B(不延駛佛陀紀念館),捷運衛武營站,大樹衛生所
KHH98,Kaohsiung,98,捷運青埔站,捷運楠梓加工區
KHH99,Kaohsiung,99,香蕉棚(棧二庫棧二之一庫),慈德堂
KHH991,Kaohsiung,99區間,哈瑪星旅運接駁中心,捷運西子灣站
KEE1011,Keelung,101 和平島-經中正路,和平島,總站
KEE1013,Keelung,101 和平島-經祥豐街,和平島,總站
KEE1021,Keelung,102 和平島-經祥豐街(經仁五路),和平島,總站
KEE1031,Keelung,103 八斗子-經中正路(經海科館),八斗子,總站
KEE1032,Keelung,103 八斗子-經祥豐街(經海科館),八斗子,總站
KEE1033,Keelung,103 八斗子-經仁一路(經海科館),八斗子,總站
KEE1041,Keelung,104 新豐街-經中正路,新豐街,總站
KEE1042,Keelung,104 新豐街-經祥豐街,新豐街,總站
KEE1043,Keelung,104 新豐街-經仁一路,新豐街,總站
KEE1051,Keelung,105 三總基隆分院-基隆車站,三總基隆分院,總站
KEE1071,Keelung,107 八斗子-經信義國中,八斗子,總站
KEE1072,Keelung,107 八斗子-基隆車站(經信義國中),八斗子,總站
KEE1073,Keelung,107 調和街-基隆車站(經信義國中),八斗子,總站
KEE1074,Keelung,107 調和街-經信義國中,八斗子,總站
KEE1081,Keelung,108 潮境公園-經祥豐街,八斗子,總站
KEE1082,Keelung,108 潮境公園-基隆車站,八斗子,總站
KEE1088,Keelung,T88 郵輪觀光專車(TOUR BUS),總站,總站
KEE1091,Keelung,109 天顯宮-基隆車站(經中正路),總站,天顯宮
KEE2011,Keelung,201 深美國小-經仁一路,深美,總站
KEE2021,Keelung,202 深美國小-經信二路,深美,總站
KEE2031,Keelung,203 深澳坑-經美的世界(經八斗山莊),八斗子,總站
KEE2032,Keelung,203 深澳坑-經富貴社區(經八斗山莊),八斗子,總站
KEE2033,Keelung,203 深澳坑-經富貴社區(去八斗山莊),八斗子,總站
KEE2034,Keelung,203 深澳坑-經富貴社區(回八斗山莊),八斗子,總站
KEE2035,Keelung,203 深澳坑-去經美的世界(回經富貴社區),八斗子,總站
KEE2041,Keelung,204 教忠街-經美的世界,深美,總站
KEE2042,Keelung,204 教忠街-經美的世界(總站發車),總站,深美
KEE2043,Keelung,204 教忠街-經富貴社區(經月眉路),深美,總站
KEE2044,Keelung,204 教忠街-經富貴社區,深美,總站
KEE2045,Keelung,204 教忠街-經美的世界(經月眉路),深美,總站
KEE2046,Keelung,204 教忠街-經美的世界(經教孝街),深美,總站
KEE2047,Keelung,204 教忠街-經美的世界(經仁五路,深美,總站
KEE2048,Keelung,204 教忠街-基隆車站(經富貴社區),深美,總站
KEE2049,Keelung,204 教忠街-基隆車站(經美的世界),深美,總站
KEE2051,Keelung,205 信義國中-深美國小(經和平島),深美,和平島
KEE2052,Keelung,205 信義國中-和平島(經祥豐街),深美,和平島
KEE2053,Keelung,205 總站-和平島(經祥豐街),總站,和平島
KEE2061,Keelung,206 崇法國宅-基隆車站,深美,總站
KEE3011,Keelung,301 太白莊-經中山一路,太白莊,總站
KEE3012,Keelung,301 太白莊-經成功市場,太白莊,總站
KEE3013,Keelung,301 太白莊-經高遠新村,太白莊,總站
KEE3021,Keelung,302 中山高中-經西定路,太白莊,總站
KEE3022,Keelung,302 中山高中-經成功市場,太白莊,總站
KEE3031,Keelung,303 大竿林-經西定路,大竿林,總站
KEE3033,Keelung,303 大竿林-基隆車站,大竿林,總站
KEE3034,Keelung,303 基隆車站-回大竿林(經西定路),總站,大竿林
KEE3035,Keelung,303 大竿林-回經中山一路,大竿林,總站
KEE3036,Keelung,303 大竿林-去經中山一路,大竿林,總站
KEE3041,Keelung,304 高遠新村-經仙洞國小,太白莊,總站
KEE3042,Keelung,304 高遠新村-經中山一路,太白莊,總站
KEE3051,Keelung,305 濱海大道-大武崙沙灘(經西定路),總站,大武崙沙灘
KEE3052,Keelung,305 濱海大道-大武崙沙灘(回太白莊),總站,大武崙沙灘
KEE3061,Keelung,306 中平街-基隆車站(經西定路),總站,中和里
KEE3071,Keelung,307 中和國小-基隆車站(經西定路),總站,和慶里
KEE3081,Keelung,308 基隆車站-外木山漁港,總站,外木山漁港
KEE3083,Keelung,308 外木山漁港-基隆車站(經德安路),外木山漁港,總站
KEE3101,Keelung,310 濱海大道-大武崙沙灘,總站,大武崙沙灘
KEE4021,Keelung,402 堵南里-經七堵郵局,堵南里,二信循環站
KEE4031,Keelung,403 東新街-經七堵郵局,東新街,二信循環站
KEE4032,Keelung,403 東新街-經光明路(海灣公司),東新街,二信循環站
KEE4033,Keelung,403 東新街-經光明路(福基煤礦),東新街,二信循環站
KEE4034,Keelung,403 東新街-基隆車站(經七堵郵局),福基煤礦,總站
KEE4035,Keelung,403 東新街-經光明路(海灣公司),東新街,二信循環站
KEE4061,Keelung,406 長安社區-經堵南里,長安里,二信循環站
KEE4071,Keelung,407 七堵-基隆車站(經長庚醫院),七堵,總站
KEE4072,Keelung,407 七堵-基隆車站(經南榮路),七堵,總站
KEE4073,Keelung,407 基隆車站-七堵(經南榮路),總站,七堵
KEE4081,Keelung,408 基隆車站-長安社區(經長庚醫院),總站,長安里
KEE4082,Keelung,408 長安社區-基隆車站(經長庚醫院),長安里,總站
KEE4091,Keelung,409 堵南里-長庚醫院(經七堵郵局),堵南里,長庚醫院
KEE4101,Keelung,410 七堵車站-壯觀台北(經長庚醫院),七堵,壯觀台北
KEE4102,Keelung,410 壯觀台北-七堵車站(經長庚醫院),壯觀台北,七堵
KEE5011,Keelung,501 國家新城-經長庚醫院(經麥金路),國家新城,總站
KEE5021,Keelung,502 建德國中-經成功市場(經安樂路),建德國中,總站
KEE5031,Keelung,503 鶯歌里-七堵(去經南榮路),七堵,二信循環站
KEE5032,Keelung,503 鶯歌里-七堵(去經麥金路),七堵,二信循環站
KEE5033,Keelung,503 基隆車站-鶯歌里,總站,七堵
KEE5051,Keelung,505 大武崙-經安一路,大武崙,總站
KEE5052,Keelung,505 大武崙-經長庚醫院,大武崙,總站
KEE5053,Keelung,505 大武崙-經安一路(去經台北大鎮),大武崙,總站
KEE5054,Keelung,505 大武崙-經長庚醫院(回經台北大鎮),大武崙,總站
KEE5055,Keelung,505 大武崙-經安一路(回經台北大鎮),大武崙,總站
KEE5081,Keelung,508 澳底漁港-經安一路,總站,澳底漁港
KEE5091,Keelung,509 情人湖-經安一路,總站,大武崙
KEE5092,Keelung,509 情人湖-經安一路(經東都社區),總站,大武崙
KEE5093,Keelung,509 情人湖-經麥金路,總站,大武崙
KEE5102,Keelung,510 大武崙-七堵(經麥金路),大武崙,七堵
KEE5103,Keelung,510 七堵-大武崙,七堵,大武崙
KEE5105,Keelung,510 大武崙-七堵(經壯觀台北),大武崙,七堵
KEE5106,Keelung,510 七堵-大武崙(經壯觀台北),七堵,大武崙
KEE5661,Keelung,R66,望海巷,七堵車站
KEE5662,Keelung,R66 繞行海大,望海巷,七堵車站
KEE5685,Keelung,R85,武聖街,七堵車站
KEE5686,Keelung,R86,幸福華城,七堵車站
KEE5821,Keelung,R82,國家新城,七堵車站
KEE5822,Keelung,R82 先行六堵,國家新城,百福車站
KEE5993,Keelung,T99 濱海奇基,大武崙,八斗子
KEE6011,Keelung,601 四腳亭-經源遠路,四腳亭,二信循環站
KEE6021,Keelung,602 暖暖-經過港路,暖暖,二信循環站
KEE6031,Keelung,603 東勢坑-經東勢街(經暖暖國小),東勢坑,總站
KEE6032,Keelung,603 東勢坑,總站,東勢坑
KEE6051,Keelung,605 龍門谷-經東碇路(經水源路),龍門谷,二信循環站
KEE6052,Keelung,605 龍門谷-經東碇路(去長庚醫院),龍門谷,二信循環站
KEE6053,Keelung,605 龍門谷-經東碇路(回程經長庚醫院),龍門谷,二信循環站
KEE6054,Keelung,605 基隆車站-龍門谷,總站,龍門谷
KEE6055,Keelung,605 龍門谷,龍門谷,總站
KEE6061,Keelung,606 碇內-七堵(經八堵車站),四腳亭,七堵
KEE6062,Keelung,606 碇內-七堵(去程經過港路),四腳亭,七堵
KEE6063,Keelung,606 碇內-七堵(經工建路),四腳亭,七堵
KEE6065,Keelung,606 七堵-碇內(經八堵路),四腳亭,七堵
KEE6071,Keelung,607 羅傑摩爾-八南里(經過港路),暖暖,八南里
KEE6081,Keelung,608 南新街-基隆車站,總站,三坑
KEE7011,Keelung,701 七堵-瑪陵,七堵,瑪陵
KEE7012,Keelung,701 瑪陵-經苓蘭農場,七堵,瑪陵
KEE7021,Keelung,702 七堵-友蚋,七堵,友蚋
KEE7022,Keelung,702 友蚋-經百三街,七堵,友蚋
KEE7023,Keelung,702 友蚋-回經三和路,七堵,友蚋
KEE7024,Keelung,702 友蚋-去經三和路,七堵,友蚋
KEE7031,Keelung,703 七堵-瑪東里,七堵,瑪陵
KEE7051,Keelung,705 百福車站-接駁公車,百福火車站,百福火車站
KEE7061,Keelung,706 自治街,七堵,自治街
KEE7062,Keelung,706 自治街,自治街,七堵
KEE8011,Keelung,801 仁愛之家-信義國中(經長庚醫院),總站,信義國中
KEE8012,Keelung,801 信義國中-經長庚醫院,信義國中,長庚醫院
KEE8013,Keelung,801 信義國中-基隆車站(經長庚醫院),信義國中,總站
KEE8021,Keelung,802 八斗子-經長庚醫院,八斗子,長庚醫院
KEE8022,Keelung,802 八斗子-經長庚醫院,八斗子,長庚醫院
KEE8031,Keelung,803 八斗子-經長庚醫院(經信義國中),八斗子,長庚醫院
KEE9661,Keelung,966 田寮河接駁車,信二停車場,六合停車場
HSZ0007,Hsinchu,81,古奇峰,新莊車站
HSZ0008,Hsinchu,83,成德路,北校門
HSZ0010,Hsinchu,藍線1區,火車站,火車站
HSZ0020,Hsinchu,2,火車站,交大光復校區
HSZ0100,Hsinchu,10,總站,成德高中
HSZ0110,Hsinchu,11,火車站,順天宮
HSZ0113,Hsinchu,11甲,火車站,上寮
HSZ0120,Hsinchu,12,總站,莊厝
HSZ0150,Hsinchu,藍15區,火車站,南寮
HSZ0160,Hsinchu,16,火車站,台大醫院新竹分院
HSZ0182,Hsinchu,182,北大橋,高鐵新竹站
HSZ0200,Hsinchu,20,總站,普天宮
HSZ0230,Hsinchu,23,總站,玄奘大學
HSZ0270,Hsinchu,27,火車站,火車站
HSZ0310,Hsinchu,31,火車站,科學二站
HSZ0500,Hsinchu,50,香山區公所,香山區公所
HSZ0510,Hsinchu,51,香山區公所,香山區公所
HSZ0520,Hsinchu,52,新莊車站,新莊車站
HSZ0530,Hsinchu,53,新莊車站,新莊車站
HSZ0573,Hsinchu,世博3號,後站(公園路口),後站(公園路口)
HSZ0575,Hsinchu,世博5號,聖公宮,世博台灣館
HSZ0710,Hsinchu,71,北新竹後站,北新竹後站
HSZ0720,Hsinchu,72,北新竹後站,陽明清境
HSZ0730,Hsinchu,73,北新竹後站,花園新城
HSZ0739,Hsinchu,綠線,經國路口,香山轉運站
HSZ0743,Hsinchu,藍線,新竹區漁會,竹中
HSQ0006,HsinchuCounty,快捷7號,竹北市公所站,新竹高鐵站
HSQ0021,HsinchuCounty,105,小金剛商店站,尖石鄉公所
HSQ0022,HsinchuCounty,106,小金剛商店站,尖石鄉公所
HSQ0023,HsinchuCounty,107,下鎮西堡部落站,尖石鄉公所
HSQ0024,HsinchuCounty,108,上養老部落,尖石鄉公所
HSQ0058,HsinchuCounty,竹62,內灣,內灣
HSQ0059,HsinchuCounty,竹60,內灣,內灣
HSQ0060,HsinchuCounty,竹120,內灣,內灣
HSQ0061,HsinchuCounty,快捷1號,縣政府,金山街
HSQ0064,HsinchuCounty,觀光5號,高鐵新竹站,關西小熊博物館
HSQ0065,HsinchuCounty,快捷5號,榮民講習所,高鐵新竹站
HSQ0066,HsinchuCounty,快捷6號,竹東火車站,內灣大橋
HSQ0067,HsinchuCounty,0067,婉琳的店,原石商店
HSQ0068,HsinchuCounty,0068,北得拉曼營地,新竹客運田中招呼站
HSQ0069,HsinchuCounty,0069,義興八、九鄰部落,新竹客運檢查站招呼站
HSQ0075,HsinchuCounty,醫專1號,珊珠湖,竹東
HSQ0076,HsinchuCounty,醫專2號,獅山,竹東
HSQ0079,HsinchuCounty,醫專6號,清泉口,臺大醫院竹東分院
HSQ0080,HsinchuCounty,60,家樂福,家樂福
HSQ0081,HsinchuCounty,61,家樂福,家樂福
HSQ0082,HsinchuCounty,62,家樂福,家樂福
HSQ0083,HsinchuCounty,63,家樂福,家樂福
HSQ0085,HsinchuCounty,65,家樂福,家樂福
HSQ0086,HsinchuCounty,66,家樂福,家樂福
HSQ0087,HsinchuCounty,觀光3號,高鐵新竹站,紅毛港
HSQ0747,HsinchuCounty,快捷8號,台大竹東分院,竹北火車站
HSQ0748,HsinchuCounty,快捷8號支,台大竹東分院,竹北火車站
HSQ0749,HsinchuCounty,觀光1號,高鐵新竹站,鴛鴦池口
HSQ0756,HsinchuCounty,觀光2號,高鐵新竹站,六福村主題樂園
MIA0737,MiaoliCounty,101,竹南科學園區,雪霸國家公園管理處
CHA0016,ChanghuaCounty,16路,彰化火車站,朝馬轉運站(朝富路)
CHA0702,ChanghuaCounty,6路,鹿港乘車處,員林站
CHA0703,ChanghuaCounty,1路,彰化站,彰化站
CHA0704,ChanghuaCounty,2路,彰化站,彰化站
CHA0705,ChanghuaCounty,3路,彰化站,火車站
CHA0717,ChanghuaCounty,7路,員林轉運站,田中火車站
CHA0754,ChanghuaCounty,9路,彰客彰化站,溪頭(停車場)
CHA0778,ChanghuaCounty,10路,員林轉運站,溪頭(停車場)
CHA0779,ChanghuaCounty,8路,臺鐵田中站,溪洲公園
CHA0781,ChanghuaCounty,11路,高鐵彰化站,高鐵彰化站
CHA0782,ChanghuaCounty,12路,高鐵彰化站,高鐵彰化站
CHA0785,ChanghuaCounty,5路A,員客二林站,西港
CHA0794,ChanghuaCounty,15路,員客二林站,溪頭(停車場)
CHA0801,ChanghuaCounty,13路,彰化站,大葉大學(管院站)
NAN0029,NantouCounty,5,南投高中,水里商工
NAN0580,NantouCounty,路東1,草屯鎮公所,頂埔
NAN0581,NantouCounty,路東2,草屯鎮公所,頂埔
NAN0582,NantouCounty,路西,草屯鎮公所,惠德宮
NAN0590,NantouCounty,南中寮線1,頂城子站,鄉親寮站
NAN0591,NantouCounty,南中寮線2,鄉親寮站,鄉親寮站
NAN0592,NantouCounty,南中寮線3,鄉親寮站,鄉親寮站
NAN0593,NantouCounty,南中寮線4,鄉親寮站,頂城子站
NAN0706,NantouCounty,1,埔里總站,法治
NAN0707,NantouCounty,2,國民賓館,青青草原
NAN0776,NantouCounty,3,南岸,溪頭
YUN0030,YunlinCounty,Y02,斗六火車站,斗六火車站
YUN0031,YunlinCounty,Y01,斗六火車站,華山咖啡大街
YUN0101,YunlinCounty,101,斗六火車站,斗六火車站
YUN0103,YunlinCounty,102,斗六火車站,斗六火車站
YUN0220,YunlinCounty,202,元長,高鐵雲林站
YUN0311,YunlinCounty,301,高鐵雲林站,北港第二停車場
YUN0701,YunlinCounty,701,斗六火車站,東璧山莊
CYQ0091,ChiayiCounty,幸福大埔1路,大埔鄉公所,分水嶺
CYQ0092,ChiayiCounty,幸福大埔2路,大埔鄉公所,菜瓜坪
CYQ0093,ChiayiCounty,幸福阿里山1路,龍美,茶山
CYQ0094,ChiayiCounty,幸福阿里山2路,石棹,豐山村辦公處
CYQ0095,ChiayiCounty,幸福番路1路,菜公店(番路鄉公所),聖馬爾定醫院(大雅院區)
CYQ0096,ChiayiCounty,幸福朴子1路,朴子轉運站,樹林頭
CYQ0097,ChiayiCounty,幸福東石1路,朴子轉運站,代天府
CYQ0098,ChiayiCounty,幸福東石2路,四股,東石漁人碼頭
CYQ0104,ChiayiCounty,201,高鐵雲林站,雲林科技大學
CYQ0107,ChiayiCounty,107,梅山,太平
CYQ0166,ChiayiCounty,166,高鐵嘉義站,鹽水
CYQ0168,ChiayiCounty,168,高鐵嘉義站,高跟鞋教堂
CYQ0708,ChiayiCounty,101,大雅站,頂坪
CYQ0711,ChiayiCounty,102,大雅站,松仔腳
CYQ0742,ChiayiCounty,105,高鐵嘉義站,蒜頭國小
CYQ0746,ChiayiCounty,106,台鐵嘉義站,高鐵嘉義站
CYI0714,Chiayi,中山幹線(綠線),嘉義榮民醫院,嘉義大學校區內
CYI0715,Chiayi,市區66路,港坪運動公園,蘭潭
CYI0716,Chiayi,市區7路,大雅站,後火車站
PIF0513,PingtungCounty,513,屏東轉運站,屏東轉運站
PIF0515,PingtungCounty,515,廣勝路,大武建南
PIF0517,PingtungCounty,517,竹南頓物潭朱王宮,福田社區活動中心
PIF0518,PingtungCounty,518,枋寮車站,四重溪
PIF0601,PingtungCounty,601,大福漁港,大福漁港
PIF0718,PingtungCounty,103,恆春站,佳樂水
PIF0719,PingtungCounty,201,恆春站,南大梅路
PIF0722,PingtungCounty,301,恆春站,石門
PIF0723,PingtungCounty,302,恆春站,旭海派出所
PIF0724,PingtungCounty,303,恆春站,滿州國中
PIF0725,PingtungCounty,304,恆春站,港仔村
PIF0726,PingtungCounty,305,恆春站,合界
PIF0727,PingtungCounty,306,恆春站,高山巖
PIF0728,PingtungCounty,307,恆春站,萬里桐
PIF0729,PingtungCounty,308,恆春站,下水窟
PIF0731,PingtungCounty,505,永大路,和平國小
PIF0732,PingtungCounty,506,廣勝路,縣民公園
PIF0734,PingtungCounty,508,屏東轉運站,原民文化園區
PIF0735,PingtungCounty,101,小灣,海生館
PIF0736,PingtungCounty,503,鵬管處,東港渡船碼頭站
PIF0740,PingtungCounty,102,恆春站,小灣
PIF0741,PingtungCounty,510,時尚設計系,時尚設計系
PIF0757,PingtungCounty,509,屏東轉運站,生機系
PIF0797,PingtungCounty,516,屏榮高中,加工區5(京茂機電)
PIF0919,PingtungCounty,511,台鐵新左營站,涼山遊憩區
PIF0920,PingtungCounty,512,鳳山轉運站(捷運大東站),美和科技大學
PIF0922,PingtungCounty,605,潮州轉運站,涼山遊憩區
PIF0923,PingtungCounty,603,屏東轉運站(火車站),金石咖啡休閒農場
ILA0011,YilanCounty,紅1,外澳,羅東轉運站
ILA0012,YilanCounty,紅2,宜蘭轉運站,南方澳(港區)
ILA0013,YilanCounty,綠12,宜蘭轉運站,松羅
ILA0015,YilanCounty,綠15,宜蘭轉運站,大礁溪橋
ILA0017,YilanCounty,綠17,羅東轉運站,長埤湖
ILA0018,YilanCounty,綠18,宜蘭轉運站,頭城火車站(舊頭城鎮公所)
ILA0025,YilanCounty,綠25,羅東轉運站,梅花湖
ILA0028,YilanCounty,綠28,蘇澳新站,蘇澳新站
ILA0073,YilanCounty,羅東1,忠孝新村,孩子王大樓
ILA0111,YilanCounty,綠11,礁溪火車站,佛光大學雲起樓
ILA0112,YilanCounty,112,礁溪轉運站,礁溪轉運站
ILA0114,YilanCounty,113,礁溪轉運站,塭底路
ILA0122,YilanCounty,122,蘇澳轉運站,南澳火車站
ILA0131,YilanCounty,131,礁溪火車站,東北角風景區外澳站
ILA0191,YilanCounty,191,礁溪轉運站,竹安國小
ILA0241,YilanCounty,241,羅東後火車站(羅東轉運站),蘇澳新站
ILA0243,YilanCounty,243,羅東轉運站,蘇澳轉運站
ILA0260,YilanCounty,綠21,羅東運動公園,國立傳統藝術中心
ILA0281,YilanCounty,281,羅東後火車站(羅東轉運站),仁山植物園
ILA0312,YilanCounty,1743,宜蘭轉運站,松羅
ILA0313,YilanCounty,1744,宜蘭轉運站,南山村
ILA0314,YilanCounty,1745,宜蘭轉運站,南山村
ILA0315,YilanCounty,1750,宜蘭轉運站,太平山
ILA0316,YilanCounty,1783,宜蘭轉運站,游泳池
ILA0317,YilanCounty,1784,宜蘭轉運站,匏崙
ILA0330,YilanCounty,橘線,三星鄉公所,羅東中山公園
ILA0331,YilanCounty,頭城1,頂埔順天府,石城舊隧道口
ILA0332,YilanCounty,頭城2,頭城清潔隊,董慶寺停車場
ILA0333,YilanCounty,學50,頭城站,蘭陽女中
ILA0334,YilanCounty,學51,羅東轉運站,宜蘭高中
ILA0335,YilanCounty,學52,南方澳(港區),宜蘭高中
ILA0336,YilanCounty,學53,岳明新村,蘭陽女中
ILA0337,YilanCounty,學55,羅東轉運站,聖母專校(側門)
ILA0338,YilanCounty,學56,幸福轉運站(舊宜蘭站),羅東高商
ILA0339,YilanCounty,學57,岳明新村,羅東高中
ILA0340,YilanCounty,學58,南方澳,羅東高中
ILA0341,YilanCounty,學59,中山公園,蘇澳海事
ILA0342,YilanCounty,學60,羅東轉運站,蘇澳海事
ILA0343,YilanCounty,1791,羅東轉運站,南方澳
ILA0344,YilanCounty,1793,羅東轉運站,派出所
ILA0345,YilanCounty,1794,羅東轉運站,三星三站
ILA0346,YilanCounty,1795,羅東轉運站,寒溪
ILA0347,YilanCounty,1796,羅東轉運站,松羅
ILA0348,YilanCounty,1797,羅東轉運站,岳明新村
ILA0349,YilanCounty,1798,羅東轉運站,智腦
ILA0350,YilanCounty,1799,衛生所,永樂里
ILA0351,YilanCounty,201,羅東轉運站,花蓮火車站
ILA0621,YilanCounty,621,錦草上溪埔,國立傳統藝術中心
ILA0622,YilanCounty,1766,南方澳,烏石港轉運站
ILA0623,YilanCounty,1767,南方澳,烏石港轉運站
ILA0624,YilanCounty,1792,羅東轉運站,天送埤
ILA0751,YilanCounty,751,宜蘭轉運站1,三興廟
ILA0752,YilanCounty,752,宜蘭轉運站1,臺北榮總員山分院
ILA0753,YilanCounty,753,宜蘭轉運站1,下埤
ILA0755,YilanCounty,755,宜蘭轉運站1,大礁溪橋
ILA0771,YilanCounty,771,慈安路,金六結
ILA0772,YilanCounty,772,大坡,縣政西路
ILA0783,YilanCounty,1785,宜蘭轉運站,圳頭
ILA0784,YilanCounty,1790,宜蘭轉運站,頭城站
ILA0786,YilanCounty,1786,宜蘭轉運站,榮總員山分院
ILA0787,YilanCounty,1787,宜蘭轉運站,東港
ILA0788,YilanCounty,1788,宜蘭轉運站,大福
ILA0789,YilanCounty,1789,宜蘭轉運站,大礁溪
ILA0791,YilanCounty,791,宜蘭火車站,城仔
ILA0793,YilanCounty,793,宜蘭轉運站1,永鎮廟
ILA0795,YilanCounty,795,大福,梅洲社區(慈航宮)
ILA0888,YilanCounty,121,蘇澳轉運站,東澳火車站
HUA0105,HualienCounty,105,花蓮火車站,七星潭
HUA0301,HualienCounty,301,花蓮火車站,圖書館資訊大樓
HUA0302,HualienCounty,302,新城火車站,天祥
HUA0303,HualienCounty,303,臺鐵花蓮站(旅服中心),大農大富平地森林園區
HUA0304,HualienCounty,304,花蓮火車站遊客中心,石梯坪
HUA0305,HualienCounty,305,花蓮火車站,水源村
TTT0981,TaitungCounty,市區循環,臺東轉運站,臺東轉運站
TTT0982,TaitungCounty,陸海空線,台東航空站,富岡漁港
KIN101,KinmenCounty,10,金城站,湖(埔)寧
KIN11,KinmenCounty,紅1往山外,金城,山外(幹線公車)
KIN111,KinmenCounty,11,金城站,頂(埔)寧
KIN1111,KinmenCounty,11路 不繞南山,金城站,頂(埔)寧
KIN12,KinmenCounty,紅1往金城,山外,金城(幹線公車)
KIN121,KinmenCounty,12右繞,金城站,嚨口
KIN122,KinmenCounty,12左繞,金城站,嚨口
KIN13,KinmenCounty,藍1往山外,金城,山外(經民航站、太武公園)
KIN131,KinmenCounty,藍1往山外繞環保局,金城,山外(經民航站、太武公園)
KIN14,KinmenCounty,藍1往金城,山外車站,金城(經太武公園、民航站)
KIN141,KinmenCounty,藍1往金城繞環保局,山外車站,金城(經太武公園、民航站)
KIN181,KinmenCounty,18往沙美,山外車站,沙美(經碧山)
KIN1811,KinmenCounty,18往沙美不繞碧山,山外站,沙美(經碧山)
KIN182,KinmenCounty,18往山外,沙美站,山外(經碧山)
KIN1821,KinmenCounty,18往山外不繞碧山,沙美站,山外(經碧山)
KIN183,KinmenCounty,18A往沙美,山外車站,沙美(經蔡厝)
KIN184,KinmenCounty,18A往山外,沙美站,山外(經蔡厝)
KIN191,KinmenCounty,19,山外車站,料羅、溪邊
KIN192,KinmenCounty,19繞復國墩峰上,山外站,料羅、溪邊
KIN193,KinmenCounty,19繞復國墩峰上回程不繞料羅新頭,山外站,料羅、溪邊
KIN194,KinmenCounty,19繞復國墩,山外站,料羅、溪邊
KIN195,KinmenCounty,19不繞溪邊,山外站,料羅、溪邊
KIN197,KinmenCounty,19回程不繞料羅新頭,山外站,料羅、溪邊
KIN201,KinmenCounty,20,山外站,復國墩、峰上
KIN202,KinmenCounty,20不繞峰上,山外站,復國墩、峰上
KIN203,KinmenCounty,20不繞復國墩,山外站,復國墩、峰上
KIN204,KinmenCounty,20繞料羅,山外站,復國墩、峰上
KIN205,KinmenCounty,20不繞峰上 繞料羅,山外站,復國墩、峰上
KIN21,KinmenCounty,2往山外,金城站,山外(經榜林、瓊林)
KIN22,KinmenCounty,2往金城,山外站,金城(經瓊林、榜林)
KIN231,KinmenCounty,23,山外車站,田浦
KIN232,KinmenCounty,23繞林務所,山外車站,田浦
KIN251,KinmenCounty,25,山外車站,山后(經東山前)
KIN271,KinmenCounty,27往沙美,山外站,沙美(經金剛寺)
KIN2711,KinmenCounty,27往沙美繞民航站,山外站,沙美(經金剛寺)
KIN272,KinmenCounty,27往山外,沙美站,山外(經金剛寺)
KIN2721,KinmenCounty,27往山外繞民航站,沙美站,山外(經金剛寺)
KIN31,KinmenCounty,3往山外,金城站,山外(經珠山、民航站)
KIN311,KinmenCounty,31,沙美站,山后(經碧山)
KIN3111,KinmenCounty,31先繞西吳,沙美站,山后(經碧山)
KIN314,KinmenCounty,3往山外不繞民航站,金城站,山外(經珠山、民航站)
KIN32,KinmenCounty,3往金城,山外站,金城(經民航站、珠山)
KIN321,KinmenCounty,32,沙美站,青嶼(經馬山)
KIN3211,KinmenCounty,32不繞馬山,沙美站,青嶼(經馬山)
KIN3212,KinmenCounty,32繞山西不繞馬山,沙美站,青嶼(經馬山)
KIN324,KinmenCounty,3往金城不繞民航站,山外站,金城(經民航站、珠山)
KIN331,KinmenCounty,33,沙美站,田浦
KIN51,KinmenCounty,5往沙美,金城站,沙美(經高坑、斗門)
KIN511,KinmenCounty,5往沙美不繞地政局,金城站,沙美(經高坑、斗門)
KIN512,KinmenCounty,5往沙美行駛環島北路不繞后沙地政局,金城站,沙美(經高坑、斗門)
KIN513,KinmenCounty,5往沙美繞文化園區金門大學,金城站,沙美(經高坑、斗門)
KIN514,KinmenCounty,5往沙美繞文化園區金門大學不繞地政局,金城站,沙美(經高坑、斗門)
KIN515,KinmenCounty,5往沙美不繞地政局、不繞后沙,金城站,沙美(經高坑、斗門)
KIN52,KinmenCounty,5往金城,沙美站,金城(經斗門、高坑)
KIN521,KinmenCounty,5往金城不繞地政局,沙美站,金城(經斗門、高坑)
KIN522,KinmenCounty,5往金城行駛環島北路不繞后沙地政局,沙美站,金城(經斗門、高坑)
KIN523,KinmenCounty,5往金城繞文化園區金門大學,沙美站,金城(經斗門、高坑)
KIN524,KinmenCounty,5往金城行駛環島北路不繞后沙浦邊,沙美站,金城(經斗門、高坑)
KIN525,KinmenCounty,5往金城行駛環島北路,沙美站,金城(經斗門、高坑)
KIN526,KinmenCounty,5往金城行駛環島北路不繞地政局,沙美站,金城(經斗門、高坑)
KIN53,KinmenCounty,5A往沙美,金城站,沙美(經劉澳、呂厝)
KIN531,KinmenCounty,5A往沙美不繞后沙劉澳鶯山廟地政局,金城站,沙美(經劉澳、呂厝)
KIN532,KinmenCounty,5A往沙美不繞后沙,金城站,沙美(經劉澳、呂厝)
KIN533,KinmenCounty,5A往沙美繞文化園區金門大學,金城站,沙美(經劉澳、呂厝)
KIN54,KinmenCounty,5A往金城,,金城(經呂厝、劉澳)
KIN541,KinmenCounty,5A往金城不繞劉澳鶯山廟地政局,沙美站,金城(經呂厝、劉澳)
KIN542,KinmenCounty,5A往金城不繞劉澳鶯山廟后沙地政局,沙美站,金城(經呂厝、劉澳)
KIN543,KinmenCounty,5A往金城繞文化園區金門大學,沙美站,金城(經呂厝、劉澳)
KIN544,KinmenCounty,5A往金城不繞后沙,沙美站,金城(經呂厝、劉澳)
KIN61,KinmenCounty,6,金城站,金門城(先經官裡)
KIN611,KinmenCounty,6繞水頭村莊不繞翟山坑道,金城站,金門城(先經官裡)
KIN612,KinmenCounty,6不繞翟山坑道,金城站,金門城(先經官裡)
KIN613,KinmenCounty,6去程北堤路經浯江橋 回程繞城區,金城站,金門城(先經官裡)
KIN62,KinmenCounty,6A,金城站,金門城(先經水頭)
KIN621,KinmenCounty,6A不繞翟山坑道,金城站,金門城(先經水頭)
KIN711,KinmenCounty,7,金城站,水頭(經水試所)
KIN7111,KinmenCounty,7回程繞古崗,金城站,水頭(經水試所)
KIN712,KinmenCounty,7A,金城站,水頭(經夏墅)
KIN713,KinmenCounty,7B,金城車站,水頭(經夏墅、后豐港村內)
KIN81,KinmenCounty,台灣好行-A線-水頭翟山線,,
KIN82,KinmenCounty,台灣好行-B線-古寧頭戰場線,,
KIN83,KinmenCounty,台灣好行-C線-獅山民俗線(週一行駛),,
KIN831,KinmenCounty,台灣好行-C線-獅山民俗線(週二-週日行駛),,
KIN84,KinmenCounty,台灣好行-D線-榕園太湖線,,
KIN85,KinmenCounty,台灣好行-E線-風獅爺主題(上午)路線,,
KIN86,KinmenCounty,台灣好行-E線-風獅爺主題(下午)路線,,
KIN88,KinmenCounty,台灣好行-F線-尋城趣主題線,,
KIN89,KinmenCounty,8,金城車站,后湖(經珠山、和平新村)
KIN891,KinmenCounty,8繞金城市區,金城車站,后湖(經珠山、和平新村)
KIN91,KinmenCounty,9右繞,金城車站,古寧(經戰史館、慈湖)
KIN92,KinmenCounty,9左繞,金城車站,古寧(經慈湖、戰史館)
KIN98,KinmenCounty,金門醫院專車,金門醫院專車,金門醫院專車
KIN991,KinmenCounty,南線順,九宮碼頭,南線
KIN9911,KinmenCounty,南線逆,九宮碼頭,南線
KIN992,KinmenCounty,北線順,九宮碼頭,北線
KIN9921,KinmenCounty,北線逆,九宮碼頭,北線
KIN993,KinmenCounty,南北線,九宮碼頭,南北線
KIN9931,KinmenCounty,南北線繞烈女廟,九宮碼頭,南北線
KIN994,KinmenCounty,北南線,九宮碼頭,北南線
KIN9941,KinmenCounty,北南線繞烈女廟,九宮碼頭,北南線
PEN0758,PenghuCounty,001,馬公總站,外垵終點站
PEN0759,PenghuCounty,010,馬公總站,北寮終點站
PEN0761,PenghuCounty,013,馬公總站,馬公總站
PEN0762,PenghuCounty,002,馬公總站,跨海大橋站
PEN0763,PenghuCounty,011,馬公總站,太武終點站
PEN0764,PenghuCounty,015,馬公總站,馬公總站
PEN0765,PenghuCounty,012,馬公總站,馬公總站
PEN0766,PenghuCounty,003,馬公總站,成功廟站
PEN0767,PenghuCounty,008,馬公總站,馬公總站
PEN0768,PenghuCounty,009,馬公總站,青螺終點站
PEN0769,PenghuCounty,016,馬公總站,馬公總站
PEN0773,PenghuCounty,006,馬公總站,山水沙灘終點站
PEN0774,PenghuCounty,007,馬公總站,馬公總站
PEN0777,PenghuCounty,005,馬公總站,風櫃終點站
LIE10001,LienchiangCounty,山線塘岐發(06:20),塘岐,白沙
LIE10003,LienchiangCounty,山線塘岐發(08:00),塘岐,白沙
LIE10004,LienchiangCounty,山線塘岐發(10:00，15:40),塘岐,白沙
LIE10006,LienchiangCounty,"山線塘岐發(07:10,11:00,13:00,15:00,16:30,17:20)",塘岐,白沙
LIE10008,LienchiangCounty,海線塘岐發(07:10、09:00、16:50),塘岐,白沙
LIE10009,LienchiangCounty,海線塘岐發(14:00),塘岐,白沙
LIE10010,LienchiangCounty,"海線白沙發(07:25,15:20,15:50)",白沙,塘岐
LIE10011,LienchiangCounty,海線白沙發(0635),白沙,塘岐
LIE10012,LienchiangCounty,山線白沙發(07:25),白沙,塘岐
LIE10015,LienchiangCounty,山線白沙發(1640),白沙,塘岐
LIE10018,LienchiangCounty,山線白沙發(11:20),白沙,塘岐
LIE10020,LienchiangCounty,山線白沙發(08:20、09:20、10:20、13:20、14:20、17:35),白沙,塘岐
LIE11,LienchiangCounty,"山線介壽發(09:00,13:30)",介壽,馬港
LIE12,LienchiangCounty,"山線介壽發(08:00,11:00)",介壽,馬港
LIE14,LienchiangCounty,山線介壽發(14:30),介壽,馬港
LIE17,LienchiangCounty,海線介壽發(17:40),介壽,馬港
LIE18,LienchiangCounty,海線介壽發(14:00),介壽,馬港
LIE19,LienchiangCounty,"海線介壽發(07:10,12:30,15:00,17:00)",介壽,馬港
LIE2,LienchiangCounty,"山線介壽發(10:00,16:50)",介壽,馬港
LIE21,LienchiangCounty,海線介壽發(07:30),介壽,馬港
LIE21041,LienchiangCounty,北竿路線公車,塘岐,白沙
LIE22,LienchiangCounty,"海線介壽發(09:30,10:30)",介壽,馬港
LIE23,LienchiangCounty,"海線介壽發(08:30,16:40)",介壽,馬港
LIE301,LienchiangCounty,山線梅石發(06:20),梅石,馬港
LIE302,LienchiangCounty,海線梅石發(06:20),梅石,馬港
LIE303,LienchiangCounty,山線梅石發(06:20),梅石,馬港
LIE31,LienchiangCounty,"山線馬港發(07:45,17:05,18:05)",馬港,介壽
LIE32,LienchiangCounty,山線馬港發(14:25),馬港,介壽
LIE34,LienchiangCounty,"山線馬港發(06:35,07:25,17:15)",馬港,介壽
LIE36,LienchiangCounty,山線馬港發(08:55),馬港,介壽
LIE39,LienchiangCounty,山線馬港發(10:45),馬港,介壽
LIE4,LienchiangCounty,"山線介壽發(07:00,17:40)",介壽,馬港
LIE40,LienchiangCounty,山線馬港發(15:15),馬港,介壽
LIE41,LienchiangCounty,山線馬港發(11:50),馬港,介壽
LIE42,LienchiangCounty,"山線馬港發(09:45,12:45)",馬港,介壽
LIE43,LienchiangCounty,"海線馬港發(08:20,14:50)",馬港,介壽
LIE44,LienchiangCounty,"海線馬港發(06:40,07:20,09:20,11:20,13:50,16:20,17:10,17:55)",馬港,介壽
LIE46,LienchiangCounty,"海線馬港發(06:35,10:20,15:50)",馬港,介壽
LIE5,LienchiangCounty,山線介壽發(11:30),介壽,馬港
LIE7,LienchiangCounty,山線介壽發(16:00),介壽,馬港
LIE8,LienchiangCounty,山線介壽發(15:30),介壽,馬港
